,teamId,playerId,playerName,min,xG,eventType,teamColor,match_id,isOwnGoal,x,y,situation,teamName
62,6603,792024,Jeremy Ebobisse,3,0.0474729239940643,AttemptSaved,#212123,3787286,False,97.2807032260393,48.13452442837426,RegularPlay,San Jose Earthquakes
66,6603,792024,Jeremy Ebobisse,15,0.0454323291778564,Miss,#212123,3787286,False,84.84999828153444,24.139362527556436,RegularPlay,San Jose Earthquakes
75,6603,792024,Jeremy Ebobisse,43,0.1224961280822753,Miss,#212123,3787286,False,90.5,30.26799981689453,RegularPlay,San Jose Earthquakes
87,6603,792024,Jeremy Ebobisse,78,0.1172390580177307,AttemptSaved,#212123,3787286,False,94.0964897540607,31.255001163482664,SetPiece,San Jose Earthquakes
161,1218886,510698,Sebastian Driussi,43,0.130507618188858,Goal,#51B051,3787289,False,98.0526286338214,23.018344487843564,RegularPlay,Austin FC
174,1218886,510698,Sebastian Driussi,73,0.3420270085334778,Miss,#51B051,3787289,False,96.3157909450393,35.83000116348267,RegularPlay,Austin FC
267,773958,750913,Luiz Araujo,7,0.0209390521049499,AttemptSaved,#751413,3787284,False,73.02475556553443,43.93070277037427,FreeKick,Atlanta United
271,773958,750913,Luiz Araujo,20,0.2810673117637634,Goal,#751413,3787284,False,93.0999984741211,37.86404890346489,RegularPlay,Atlanta United
353,915807,394462,Hany Mukhtar,6,0.0164410769939422,Miss,#1E1742,3787281,False,78.76844316626887,41.65687411785126,RegularPlay,Nashville SC
355,915807,394462,Hany Mukhtar,23,0.0797030329704284,AttemptSaved,#1E1742,3787281,False,88.28529739375176,34.91500058174134,RegularPlay,Nashville SC
356,915807,394462,Hany Mukhtar,24,0.0354052484035491,AttemptSaved,#1E1742,3787281,False,86.9970571851241,17.833630040556432,RegularPlay,Nashville SC
458,6603,792024,Jeremy Ebobisse,46,0.0452297031879425,AttemptSaved,#212123,3787302,False,83.6111650488,41.5990625,RegularPlay,San Jose Earthquakes
542,915807,394462,Hany Mukhtar,33,0.1846709251403808,AttemptSaved,#1E1742,3787298,False,86.13823856975176,32.62750058174133,FreeKick,Nashville SC
549,915807,394462,Hany Mukhtar,52,0.0760003924369812,AttemptSaved,#1E1742,3787298,False,93.4000015258789,44.0708280208,RegularPlay,Nashville SC
554,915807,394462,Hany Mukhtar,63,0.1504674851894378,AttemptSaved,#1E1742,3787298,False,93.0999984741211,36.2875,RegularPlay,Nashville SC
561,915807,394462,Hany Mukhtar,76,0.1778245270252227,Miss,#1E1742,3787298,False,100.16379455075412,22.8782165647,RegularPlay,Nashville SC
609,1323940,558136,Karol Swiderski,43,0.0463696122169494,AttemptSaved,#333333,3787296,False,83.16067789353444,44.7714649638,RegularPlay,Charlotte
610,1323940,558136,Karol Swiderski,43,0.0463696122169494,AttemptSaved,#333333,3787296,False,83.16067789353444,44.7714649638,RegularPlay,Charlotte FC
625,1218886,510698,Sebastian Driussi,5,0.0185051560401916,AttemptSaved,#51B051,3787295,False,74.15096915753443,38.70452509346489,RegularPlay,Austin FC
627,1218886,510698,Sebastian Driussi,22,0.1347317695617675,Goal,#51B051,3787295,False,92.5,36.2875,RegularPlay,Austin FC
633,1218886,510698,Sebastian Driussi,51,0.4529468119144439,Goal,#51B051,3787295,False,97.8596491223,35.06750116348267,RegularPlay,Austin FC
639,1218886,510698,Sebastian Driussi,69,0.1335737109184265,Miss,#51B051,3787295,False,88.9000015258789,31.255001163482664,RegularPlay,Austin FC
707,1323940,558136,Karol Swiderski,40,0.1735028624534607,AttemptSaved,#333333,3787259,False,98.4385950185607,33.46624941825866,RegularPlay,Charlotte
708,1323940,558136,Karol Swiderski,40,0.1735028624534607,AttemptSaved,#333333,3787259,False,98.4385950185607,33.46624941825866,RegularPlay,Charlotte FC
709,1323940,558136,Karol Swiderski,43,0.2903361022472381,AttemptSaved,#333333,3787259,False,98.5350847743214,32.70374941825867,RegularPlay,Charlotte
710,1323940,558136,Karol Swiderski,43,0.2903361022472381,AttemptSaved,#333333,3787259,False,98.5350847743214,32.70374941825867,RegularPlay,Charlotte FC
713,1323940,558136,Karol Swiderski,55,0.0966185331344604,AttemptSaved,#333333,3787259,False,92.0,41.42562544107437,RegularPlay,Charlotte
714,1323940,558136,Karol Swiderski,55,0.0966185331344604,AttemptSaved,#333333,3787259,False,92.0,41.42562544107437,RegularPlay,Charlotte FC
815,867280,452368,Cristian Arango,45,0.0367155373096466,Miss,#000000,3787294,False,97.6666696107786,43.10218661785126,FromCorner,Los Angeles FC
821,867280,452368,Cristian Arango,71,0.0517914593219757,Miss,#000000,3787294,False,77.19175101133112,31.40749883651733,FreeKick,Los Angeles FC
829,867280,452368,Cristian Arango,84,0.0303614139556884,Post,#000000,3787294,False,96.1228040718214,29.127382233464893,RegularPlay,Los Angeles FC
833,867280,452368,Cristian Arango,90,0.1702103912830352,Miss,#000000,3787294,False,91.3000030517578,34.22874941825867,RegularPlay,Los Angeles FC
845,867280,452368,Cristian Arango,79,0.0763345062732696,Post,#000000,3787293,False,87.53382189112412,23.368662959343567,RegularPlay,Los Angeles FC
952,6603,792024,Jeremy Ebobisse,47,0.0327217280864715,AttemptSaved,#212123,3787264,False,97.2807032260393,20.4259872642,RegularPlay,San Jose Earthquakes
958,6603,792024,Jeremy Ebobisse,77,0.0001396536827087,Miss,#212123,3787264,False,92.9000015258789,37.05,RegularPlay,San Jose Earthquakes
1018,1218886,510698,Sebastian Driussi,90,0.0854318141937255,Miss,#51B051,3787261,False,97.5701724933214,29.96785842346489,RegularPlay,Austin FC
1028,915807,394462,Hany Mukhtar,35,0.0165179073810577,Miss,#1E1742,3787263,False,73.70048200226887,34.53375058174134,RegularPlay,Nashville SC
1082,1218886,510698,Sebastian Driussi,5,0.0523837208747863,Miss,#51B051,3787272,False,89.5,28.62309459576756,FromCorner,Austin FC
1083,1218886,510698,Sebastian Driussi,10,0.1235130429267883,AttemptSaved,#51B051,3787272,False,92.5,36.74499883651734,RegularPlay,Austin FC
1112,1218886,510698,Sebastian Driussi,85,0.0976389050483703,Miss,#51B051,3787272,False,96.79824708553927,35.44875116348267,RegularPlay,Austin FC
1113,1218886,510698,Sebastian Driussi,86,0.0622016489505767,AttemptSaved,#51B051,3787272,False,86.46029247912412,30.26799981689453,RegularPlay,Austin FC
1114,1218886,510698,Sebastian Driussi,90,0.0377691686153411,Miss,#51B051,3787272,False,83.72378468953444,37.719999908447264,RegularPlay,Austin FC
1116,1323940,558136,Karol Swiderski,6,0.3264697790145874,Goal,#333333,3787271,False,101.39654883049172,27.950714285,RegularPlay,Charlotte
1117,1323940,558136,Karol Swiderski,6,0.3264697790145874,Goal,#333333,3787271,False,101.39654883049172,27.950714285,RegularPlay,Charlotte FC
1125,1323940,558136,Karol Swiderski,33,0.0959960222244262,Miss,#333333,3787271,False,86.46029247912412,31.40749883651733,RegularPlay,Charlotte
1126,1323940,558136,Karol Swiderski,33,0.0959960222244262,Miss,#333333,3787271,False,86.46029247912412,31.40749883651733,RegularPlay,Charlotte FC
1133,1323940,558136,Karol Swiderski,52,0.0449474155902862,Miss,#333333,3787271,False,82.14708394226886,37.65999941825866,RegularPlay,Charlotte
1134,1323940,558136,Karol Swiderski,52,0.0449474155902862,Miss,#333333,3787271,False,82.14708394226886,37.65999941825866,RegularPlay,Charlotte FC
1135,1323940,558136,Karol Swiderski,55,0.0401973128318786,Goal,#333333,3787271,False,79.55679783606556,20.7763057357,FreeKick,Charlotte
1136,1323940,558136,Karol Swiderski,55,0.0401973128318786,Goal,#333333,3787271,False,79.55679783606556,20.7763057357,FreeKick,Charlotte FC
1316,1323940,558136,Karol Swiderski,6,0.0461092889308929,Goal,#333333,3787278,False,81.80922502006557,33.61875,RegularPlay,Charlotte
1317,1323940,558136,Karol Swiderski,6,0.0461092889308929,Goal,#333333,3787278,False,81.80922502006557,33.61875,RegularPlay,Charlotte FC
1322,1323940,558136,Karol Swiderski,16,0.0290538668632507,AttemptSaved,#333333,3787278,False,93.1999969482422,29.295474906535112,SetPiece,Charlotte
1323,1323940,558136,Karol Swiderski,16,0.0290538668632507,AttemptSaved,#333333,3787278,False,93.1999969482422,29.295474906535112,SetPiece,Charlotte FC
1336,1323940,558136,Karol Swiderski,45,0.1014873385429382,AttemptSaved,#333333,3787278,False,102.43965806650829,41.541250882148745,FromCorner,Charlotte
1337,1323940,558136,Karol Swiderski,45,0.1014873385429382,AttemptSaved,#333333,3787278,False,102.43965806650829,41.541250882148745,FromCorner,Charlotte FC
1340,1323940,558136,Karol Swiderski,57,0.1071018576622009,Goal,#333333,3787278,False,93.0999984741211,40.30142793076755,RegularPlay,Charlotte
1341,1323940,558136,Karol Swiderski,57,0.1071018576622009,Goal,#333333,3787278,False,93.0999984741211,40.30142793076755,RegularPlay,Charlotte FC
1344,1323940,558136,Karol Swiderski,62,0.0617705881595611,Miss,#333333,3787278,False,88.07058659712412,30.95,RegularPlay,Charlotte
1345,1323940,558136,Karol Swiderski,62,0.0617705881595611,Miss,#333333,3787278,False,88.07058659712412,30.95,RegularPlay,Charlotte FC
1349,1323940,558136,Karol Swiderski,68,0.0674361884593963,AttemptSaved,#333333,3787278,False,91.0999984741211,34.686251163482666,RegularPlay,Charlotte
1350,1323940,558136,Karol Swiderski,68,0.0674361884593963,AttemptSaved,#333333,3787278,False,91.0999984741211,34.686251163482666,RegularPlay,Charlotte FC
1449,915807,394462,Hany Mukhtar,22,0.4063848257064819,AttemptSaved,#1E1742,3787274,False,96.0263143160607,30.256,RegularPlay,Nashville SC
1457,915807,394462,Hany Mukhtar,38,0.0488564372062683,AttemptSaved,#1E1742,3787274,False,80.57039178733112,20.496051225771783,RegularPlay,Nashville SC
1460,915807,394462,Hany Mukhtar,51,0.0216524004936218,Miss,#1E1742,3787274,False,81.24611822406555,16.992866510771783,RegularPlay,Nashville SC
1463,915807,394462,Hany Mukhtar,56,0.1695513427257537,AttemptSaved,#1E1742,3787274,False,92.0999984741211,39.713093956535104,RegularPlay,Nashville SC
1465,915807,394462,Hany Mukhtar,67,0.0308705568313598,AttemptSaved,#1E1742,3787274,False,81.24611822406555,37.684,FromCorner,Nashville SC
1470,915807,394462,Hany Mukhtar,90,0.044200986623764,Miss,#1E1742,3787274,False,90.5999984741211,37.94809524,RegularPlay,Nashville SC
1525,915807,394462,Hany Mukhtar,21,0.1152448654174804,AttemptSaved,#1E1742,3787304,False,94.2894766272786,44.91159021422574,RegularPlay,Nashville SC
1528,915807,394462,Hany Mukhtar,33,0.1075797975063324,Post,#1E1742,3787304,False,96.3157909450393,45.261908685725736,FastBreak,Nashville SC
1598,867280,452368,Cristian Arango,12,0.0496636927127838,Miss,#000000,3787322,False,91.0999984741211,22.597960718412867,RegularPlay,Los Angeles FC
1611,867280,452368,Cristian Arango,64,0.1227021515369415,Miss,#000000,3787322,False,78.09271672953443,30.256,RegularPlay,Los Angeles FC
1629,1323940,558136,Karol Swiderski,47,0.019504964351654,AttemptSaved,#333333,3787323,False,84.28689148553444,47.2236942643,RegularPlay,Charlotte
1630,1323940,558136,Karol Swiderski,47,0.019504964351654,AttemptSaved,#333333,3787323,False,84.28689148553444,47.2236942643,RegularPlay,Charlotte FC
1631,1323940,558136,Karol Swiderski,47,0.04488405585289,AttemptSaved,#333333,3787323,False,86.24558987287588,41.31,RegularPlay,Charlotte
1632,1323940,558136,Karol Swiderski,47,0.04488405585289,AttemptSaved,#333333,3787323,False,86.24558987287588,41.31,RegularPlay,Charlotte FC
1662,1218886,510698,Sebastian Driussi,52,0.7884,Goal,#51B051,3787324,False,94.0,34.0,Penalty,Austin FC
1665,6603,792024,Jeremy Ebobisse,58,0.1288185119628906,AttemptSaved,#212123,3787324,False,96.6052602123214,49.39566771851287,RegularPlay,San Jose Earthquakes
1669,6603,792024,Jeremy Ebobisse,70,0.7884,Goal,#212123,3787324,False,94.0,34.0,Penalty,San Jose Earthquakes
1673,6603,792024,Jeremy Ebobisse,88,0.0987085402011871,AttemptSaved,#212123,3787324,False,85.9235277731241,33.46624941825866,RegularPlay,San Jose Earthquakes
1978,867280,452368,Cristian Arango,79,0.6277607679367065,Goal,#000000,3787334,False,100.63793248175412,37.507498836517335,ThrowInSetPiece,Los Angeles FC
2011,6603,792024,Jeremy Ebobisse,11,0.0343585014343261,AttemptSaved,#212123,3787320,False,91.3000030517578,46.1727388498,RegularPlay,San Jose Earthquakes
2013,6603,792024,Jeremy Ebobisse,25,0.2166095972061157,Goal,#212123,3787320,False,95.4473684198,36.89749941825867,RegularPlay,San Jose Earthquakes
2015,6603,792024,Jeremy Ebobisse,28,0.1946126818656921,Goal,#212123,3787320,False,96.9912265970607,32.322499418258666,RegularPlay,San Jose Earthquakes
2032,6603,792024,Jeremy Ebobisse,76,0.1495279669761657,AttemptSaved,#212123,3787320,False,98.92105115906072,30.95,RegularPlay,San Jose Earthquakes
2036,6603,792024,Jeremy Ebobisse,84,0.2570500373840332,AttemptSaved,#212123,3787320,False,98.92105115906072,36.058750581741336,RegularPlay,San Jose Earthquakes
2037,6603,792024,Jeremy Ebobisse,87,0.0538131892681121,Miss,#212123,3787320,False,83.16067789353444,26.227500441074373,RegularPlay,San Jose Earthquakes
2068,915807,394462,Hany Mukhtar,14,0.7884,AttemptSaved,#1E1742,3787307,False,94.0,34.0,Penalty,Nashville SC
2080,915807,394462,Hany Mukhtar,53,0.0860112011432647,AttemptSaved,#1E1742,3787307,False,87.21176798175176,37.75599981689453,RegularPlay,Nashville SC
2082,915807,394462,Hany Mukhtar,56,0.0635730326175689,AttemptSaved,#1E1742,3787307,False,97.8596491223,25.70718705892563,RegularPlay,Nashville SC
2156,1218886,510698,Sebastian Driussi,79,0.32191935,AttemptSaved,#51B051,3787309,False,94.5789458945607,25.649375441074373,RegularPlay,Austin FC
2163,1218886,510698,Sebastian Driussi,90,0.04491049,AttemptSaved,#51B051,3787309,False,95.83333480453928,20.566115187343566,RegularPlay,Austin FC
2167,915807,394462,Hany Mukhtar,9,0.05245143,Miss,#1E1742,3787310,False,79.1063106808,28.791190475,FastBreak,Nashville SC
2171,915807,394462,Hany Mukhtar,16,0.75081897,AttemptSaved,#1E1742,3787310,False,99.2105277880393,31.40749883651733,RegularPlay,Nashville SC
2174,915807,394462,Hany Mukhtar,18,0.0036228597,Miss,#1E1742,3787310,False,60.22666511488978,34.0,RegularPlay,Nashville SC
2175,915807,394462,Hany Mukhtar,22,0.010754913,AttemptSaved,#1E1742,3787310,False,86.56764378224823,52.61859658722574,FromCorner,Nashville SC
2178,915807,394462,Hany Mukhtar,38,0.23350307,Goal,#1E1742,3787310,False,91.4000015258789,34.83874883651734,RegularPlay,Nashville SC
2179,6603,792024,Jeremy Ebobisse,43,0.026737481,AttemptSaved,#212123,3787310,False,78.65582352553443,25.53375,RegularPlay,San Jose Earthquakes
2180,6603,792024,Jeremy Ebobisse,52,0.057655126,Goal,#212123,3787310,False,82.59757109753443,21.54700530391287,FreeKick,San Jose Earthquakes
2181,6603,792024,Jeremy Ebobisse,54,0.04284653,AttemptSaved,#212123,3787310,False,99.4999970553214,41.42562544107437,RegularPlay,San Jose Earthquakes
2184,915807,394462,Hany Mukhtar,59,0.07825068,AttemptSaved,#1E1742,3787310,False,96.9912265970607,45.261908685725736,RegularPlay,Nashville SC
2185,915807,394462,Hany Mukhtar,63,0.45803282,Goal,#1E1742,3787310,False,101.39654883049172,37.507498836517335,ThrowInSetPiece,Nashville SC
2186,6603,792024,Jeremy Ebobisse,68,0.018370688,Miss,#212123,3787310,False,76.8538834968,41.541250882148745,RegularPlay,San Jose Earthquakes
2187,6603,792024,Jeremy Ebobisse,72,0.24890372,Goal,#212123,3787310,False,100.35344682924588,34.7625,FromCorner,San Jose Earthquakes
2255,773958,750913,Luiz Araujo,80,0.04219538,Miss,#751413,3787311,False,82.37233181606557,29.631666665,RegularPlay,Atlanta United
2260,773958,750913,Luiz Araujo,90,0.06698233,AttemptSaved,#751413,3787311,False,90.5999984741211,21.336814755556432,RegularPlay,Atlanta United
2352,1323940,558136,Karol Swiderski,30,0.0660671,AttemptSaved,#333333,3787316,False,82.82281897133113,25.30249911785126,FreeKick,Charlotte
2353,1323940,558136,Karol Swiderski,30,0.0660671,AttemptSaved,#333333,3787316,False,82.82281897133113,25.30249911785126,FreeKick,Charlotte FC
2403,1218886,510698,Sebastian Driussi,45,0.28598982,Miss,#51B051,3787315,False,97.3771929818,36.89749941825867,FromCorner,Austin FC
2413,1218886,510698,Sebastian Driussi,85,0.23603934,Goal,#51B051,3787315,False,100.63793248175412,39.208809525,RegularPlay,Austin FC
2482,867280,452368,Cristian Arango,26,0.03802678,Miss,#000000,3787336,False,86.46029247912412,46.5230573213,RegularPlay,Los Angeles FC
2483,867280,452368,Cristian Arango,31,0.06856835,AttemptSaved,#000000,3787336,False,82.82281897133113,31.7125,RegularPlay,Los Angeles FC
2487,867280,452368,Cristian Arango,44,0.061240256,Post,#000000,3787336,False,75.7276699048,30.64499883651733,FreeKick,Los Angeles FC
2489,867280,452368,Cristian Arango,44,0.89530313,Goal,#000000,3787336,False,103.29310055449172,34.99124941825867,SetPiece,Los Angeles FC
2495,867280,452368,Cristian Arango,63,0.060887784,Miss,#000000,3787336,False,77.30437065206556,26.632188382148744,RegularPlay,Los Angeles FC
2655,1218886,510698,Sebastian Driussi,16,0.1172140836715698,AttemptSaved,#51B051,3787482,False,90.0,25.360312941074373,RegularPlay,Austin FC
2668,1218886,510698,Sebastian Driussi,68,0.2396578788757324,Goal,#51B051,3787482,False,98.92105115906072,35.677500581741334,ThrowInSetPiece,Austin FC
2681,1323940,558136,Karol Swiderski,21,0.0380248427391052,AttemptSaved,#333333,3787351,False,82.03446430153443,30.231999908447264,RegularPlay,Charlotte
2682,1323940,558136,Karol Swiderski,21,0.0380248427391052,AttemptSaved,#333333,3787351,False,82.03446430153443,30.231999908447264,RegularPlay,Charlotte FC
2698,1323940,558136,Karol Swiderski,49,0.118651658296585,AttemptSaved,#333333,3787351,False,90.5,29.88380888076756,RegularPlay,Charlotte
2699,1323940,558136,Karol Swiderski,49,0.118651658296585,AttemptSaved,#333333,3787351,False,90.5,29.88380888076756,RegularPlay,Charlotte FC
2700,1323940,558136,Karol Swiderski,49,0.1154219508171081,Miss,#333333,3787351,False,87.31911928487588,32.85625,RegularPlay,Charlotte
2701,1323940,558136,Karol Swiderski,49,0.1154219508171081,Miss,#333333,3787351,False,87.31911928487588,32.85625,RegularPlay,Charlotte FC
2705,1323940,558136,Karol Swiderski,72,0.043750375509262,AttemptSaved,#333333,3787351,False,91.4000015258789,21.1266242072,RegularPlay,Charlotte
2706,1323940,558136,Karol Swiderski,72,0.043750375509262,AttemptSaved,#333333,3787351,False,91.4000015258789,21.1266242072,RegularPlay,Charlotte FC
2739,6603,792024,Jeremy Ebobisse,8,0.0908986628055572,Miss,#212123,3787354,False,96.4122807008,42.63968705892563,RegularPlay,San Jose Earthquakes
2756,6603,792024,Jeremy Ebobisse,52,0.025021344423294,AttemptSaved,#212123,3787354,False,85.81617647,47.43388748537426,RegularPlay,San Jose Earthquakes
2769,6603,792024,Jeremy Ebobisse,87,0.0460201501846313,AttemptSaved,#212123,3787354,False,96.6052602123214,38.368333335,RegularPlay,San Jose Earthquakes
2784,1218886,510698,Sebastian Driussi,66,0.0446346700191497,Goal,#51B051,3787339,False,88.80000305175781,46.24280147501287,RegularPlay,Austin FC
2848,773958,750913,Luiz Araujo,17,0.038642793893814,Miss,#751413,3787485,False,82.93543861206557,24.349553075912866,RegularPlay,Atlanta United
2855,773958,750913,Luiz Araujo,26,0.0225928127765655,Miss,#751413,3787485,False,81.47135750553443,19.7253503212,RegularPlay,Atlanta United
2930,1323940,558136,Karol Swiderski,25,0.0529848039150238,Miss,#333333,3787342,False,82.25971217533113,29.21142857,RegularPlay,Charlotte
2931,1323940,558136,Karol Swiderski,25,0.0529848039150238,Miss,#333333,3787342,False,82.25971217533113,29.21142857,RegularPlay,Charlotte FC
3009,773958,750913,Luiz Araujo,65,0.0292069017887115,AttemptSaved,#751413,3787346,False,83.6111650488,44.49120911751287,RegularPlay,Atlanta United
3013,773958,750913,Luiz Araujo,83,0.0208337306976318,Miss,#751413,3787346,False,85.81617647,52.75872718308713,RegularPlay,Atlanta United
3078,867280,452368,Cristian Arango,46,0.0898022055625915,AttemptSaved,#000000,3787337,False,91.5,21.056560245628216,RegularPlay,Los Angeles FC
3079,867280,452368,Cristian Arango,50,0.0545778274536132,Miss,#000000,3787337,False,95.9298245603,45.402039281587136,RegularPlay,Los Angeles FC
3086,867280,452368,Cristian Arango,69,0.1369480192661285,AttemptSaved,#000000,3787337,False,93.8000030517578,31.559999418258663,RegularPlay,Los Angeles FC
3163,867280,452368,Cristian Arango,21,0.0538385808467865,AttemptSaved,#000000,3787367,False,79.21893032153443,45.962545628725735,RegularPlay,Los Angeles FC
3168,867280,452368,Cristian Arango,35,0.1629904210567474,Miss,#000000,3787367,False,98.0526286338214,31.86500058174133,FromCorner,Los Angeles FC
3172,867280,452368,Cristian Arango,51,0.0274017453193664,Miss,#000000,3787367,False,80.11990463206556,32.322499418258666,RegularPlay,Los Angeles FC
3181,867280,452368,Cristian Arango,73,0.149462878704071,Miss,#000000,3787367,False,95.1578917908214,29.295474906535112,RegularPlay,Los Angeles FC
3182,867280,452368,Cristian Arango,76,0.0683574974536895,Miss,#000000,3787367,False,86.9970571851241,42.63968705892563,RegularPlay,Los Angeles FC
3186,867280,452368,Cristian Arango,86,0.0483323335647583,AttemptSaved,#000000,3787367,False,78.99369104006556,45.8224203783,FreeKick,Los Angeles FC
3197,915807,394462,Hany Mukhtar,30,0.0446469783782959,AttemptSaved,#1E1742,3787366,False,93.4000015258789,24.349553075912866,RegularPlay,Nashville SC
3219,6603,792024,Jeremy Ebobisse,14,0.0355253517627716,AttemptSaved,#212123,3787356,False,79.21893032153443,31.40749883651733,RegularPlay,San Jose Earthquakes
3248,915807,394462,Hany Mukhtar,4,0.0828096270561218,AttemptSaved,#1E1742,3787359,False,77.52960993353443,31.40749883651733,RegularPlay,Nashville SC
3250,915807,394462,Hany Mukhtar,21,0.0522546470165252,AttemptSaved,#1E1742,3787359,False,78.65582352553443,30.64499883651733,FreeKick,Nashville SC
3251,915807,394462,Hany Mukhtar,22,0.0617423951625824,AttemptSaved,#1E1742,3787359,False,91.5,43.10218661785126,RegularPlay,Nashville SC
3260,915807,394462,Hany Mukhtar,51,0.0741920173168182,AttemptSaved,#1E1742,3787359,False,86.67500327575178,30.797499418258663,RegularPlay,Nashville SC
3261,915807,394462,Hany Mukhtar,53,0.1245849728584289,AttemptSaved,#1E1742,3787359,False,98.6315818917786,17.553375530628216,FastBreak,Nashville SC
3262,915807,394462,Hany Mukhtar,54,0.0764422118663787,AttemptSaved,#1E1742,3787359,False,102.155172414,26.45874911785126,RegularPlay,Nashville SC
3273,915807,394462,Hany Mukhtar,82,0.3436188101768493,Miss,#1E1742,3787359,False,91.6999969482422,24.349553075912866,RegularPlay,Nashville SC
3280,1218886,510698,Sebastian Driussi,29,0.0604585111141204,Miss,#51B051,3787358,False,91.6999969482422,29.463570785767555,SetPiece,Austin FC
3289,1218886,510698,Sebastian Driussi,59,0.0146296620368957,AttemptSaved,#51B051,3787358,False,75.95290918626887,37.507498836517335,RegularPlay,Austin FC
3292,1218886,510698,Sebastian Driussi,89,0.0554884672164917,Post,#51B051,3787358,False,81.35873786479999,21.897323775412865,FreeKick,Austin FC
3321,1323940,558136,Karol Swiderski,4,0.0334534049034118,AttemptSaved,#333333,3787369,False,93.3000030517578,30.492501163482665,RegularPlay,Charlotte
3322,1323940,558136,Karol Swiderski,4,0.0334534049034118,AttemptSaved,#333333,3787369,False,93.3000030517578,30.492501163482665,RegularPlay,Charlotte FC
3326,1323940,558136,Karol Swiderski,15,0.4087265133857727,AttemptSaved,#333333,3787369,False,96.1228040718214,33.46624941825866,RegularPlay,Charlotte
3327,1323940,558136,Karol Swiderski,15,0.4087265133857727,AttemptSaved,#333333,3787369,False,96.1228040718214,33.46624941825866,RegularPlay,Charlotte FC
3337,1323940,558136,Karol Swiderski,45,0.0398330688476562,AttemptSaved,#333333,3787369,False,79.44417819533112,32.85625,RegularPlay,Charlotte
3338,1323940,558136,Karol Swiderski,45,0.0398330688476562,AttemptSaved,#333333,3787369,False,79.44417819533112,32.85625,RegularPlay,Charlotte FC
3345,1323940,558136,Karol Swiderski,67,0.0442696213722229,AttemptSaved,#333333,3787369,False,86.67500327575178,31.7125,RegularPlay,Charlotte
3346,1323940,558136,Karol Swiderski,67,0.0442696213722229,AttemptSaved,#333333,3787369,False,86.67500327575178,31.7125,RegularPlay,Charlotte FC
3449,773958,750913,Luiz Araujo,32,0.0322650074958801,Miss,#751413,3787370,False,94.9649122793,41.31,RegularPlay,Atlanta United
3460,773958,750913,Luiz Araujo,52,0.0592191815376281,AttemptSaved,#751413,3787370,False,90.0999984741211,48.34471230401287,RegularPlay,Atlanta United
3548,6603,792024,Jeremy Ebobisse,48,0.0750732123851776,AttemptSaved,#212123,3787368,False,85.06470915775176,37.684,RegularPlay,San Jose Earthquakes
3549,6603,792024,Jeremy Ebobisse,48,0.0376437008380889,AttemptSaved,#212123,3787368,False,90.4000015258789,47.85426858208713,RegularPlay,San Jose Earthquakes
3551,6603,792024,Jeremy Ebobisse,58,0.1412993967533111,Miss,#212123,3787368,False,91.9000015258789,38.53642921423244,RegularPlay,San Jose Earthquakes
3567,867280,452368,Cristian Arango,6,0.0085310041904449,Miss,#000000,3787360,False,94.2894766272786,41.42562544107437,RegularPlay,Los Angeles FC
3580,867280,452368,Cristian Arango,29,0.0243057012557983,AttemptSaved,#000000,3787360,False,92.6999969482422,39.88118983576756,RegularPlay,Los Angeles FC
3584,867280,452368,Cristian Arango,47,0.0382852554321289,AttemptSaved,#000000,3787360,False,98.24561550703928,34.07624883651734,RegularPlay,Los Angeles FC
3589,867280,452368,Cristian Arango,63,0.0286650955677032,AttemptSaved,#000000,3787360,False,76.8538834968,26.57437455892563,RegularPlay,Los Angeles FC
3725,915807,394462,Hany Mukhtar,45,0.0332249104976654,AttemptSaved,#1E1742,3787459,False,93.3000030517578,48.554905525087136,RegularPlay,Nashville SC
3727,915807,394462,Hany Mukhtar,51,0.3458235263824463,Goal,#1E1742,3787459,False,99.0175409148214,35.37249941825867,RegularPlay,Nashville SC
3732,915807,394462,Hany Mukhtar,65,0.0627216696739196,AttemptSaved,#1E1742,3787459,False,91.6999969482422,33.2375,RegularPlay,Nashville SC
3774,867280,452368,Cristian Arango,46,0.0489633679389953,Miss,#000000,3787389,False,80.90825070953443,36.74499883651734,RegularPlay,Los Angeles FC
3777,867280,452368,Cristian Arango,60,0.0883452296257019,Miss,#000000,3787389,False,96.9912265970607,37.05,FromCorner,Los Angeles FC
3781,867280,452368,Cristian Arango,68,0.0318407714366912,AttemptSaved,#000000,3787389,False,82.14708394226886,25.765000882148744,FastBreak,Los Angeles FC
3822,6603,792024,Jeremy Ebobisse,41,0.0198028683662414,AttemptSaved,#212123,3787388,False,76.40339634153443,42.06156205892563,RegularPlay,San Jose Earthquakes
3833,6603,792024,Jeremy Ebobisse,80,0.3106504678726196,AttemptSaved,#212123,3787388,False,99.0175409148214,29.295474906535112,RegularPlay,San Jose Earthquakes
3838,6603,792024,Jeremy Ebobisse,89,0.1442858576774597,AttemptSaved,#212123,3787388,False,92.4000015258789,39.376905404232446,RegularPlay,San Jose Earthquakes
3849,1323940,558136,Karol Swiderski,43,0.0190886259078979,AttemptSaved,#333333,3787471,False,77.30437065206556,33.92375116348266,RegularPlay,Charlotte
3850,1323940,558136,Karol Swiderski,43,0.0190886259078979,AttemptSaved,#333333,3787471,False,77.30437065206556,33.92375116348266,RegularPlay,Charlotte FC
3857,1323940,558136,Karol Swiderski,61,0.0445805490016937,Miss,#333333,3787471,False,85.38676306712412,26.111875,RegularPlay,Charlotte
3858,1323940,558136,Karol Swiderski,61,0.0445805490016937,Miss,#333333,3787471,False,85.38676306712412,26.111875,RegularPlay,Charlotte FC
3861,1323940,558136,Karol Swiderski,63,0.0727470219135284,AttemptSaved,#333333,3787471,False,93.9000015258789,28.034760621535117,RegularPlay,Charlotte
3862,1323940,558136,Karol Swiderski,63,0.0727470219135284,AttemptSaved,#333333,3787471,False,93.9000015258789,28.034760621535117,RegularPlay,Charlotte FC
3906,867280,452368,Cristian Arango,85,0.1579538583755493,AttemptSaved,#000000,3787357,False,95.1578917908214,43.3701910778,RegularPlay,Los Angeles FC
3966,6603,792024,Jeremy Ebobisse,34,0.0710212886333465,AttemptSaved,#212123,3787457,False,96.3157909450393,37.768000091552736,RegularPlay,San Jose Earthquakes
3979,6603,792024,Jeremy Ebobisse,73,0.2263787388801574,Goal,#212123,3787457,False,98.3421052628,35.677500581741334,RegularPlay,San Jose Earthquakes
3983,6603,792024,Jeremy Ebobisse,81,0.4871188104152679,Goal,#212123,3787457,False,98.5350847743214,32.93249883651733,RegularPlay,San Jose Earthquakes
4068,1218886,510698,Sebastian Driussi,29,0.0183095932006835,AttemptSaved,#51B051,3787394,False,75.27718274953443,41.541250882148745,RegularPlay,Austin FC
4078,1218886,510698,Sebastian Driussi,62,0.0255461335182189,Miss,#51B051,3787394,False,76.74126385606556,42.46625,RegularPlay,Austin FC
4084,1218886,510698,Sebastian Driussi,90,0.3445466756820678,AttemptSaved,#51B051,3787394,False,96.8947368413,33.313748836517334,RegularPlay,Austin FC
4085,1218886,510698,Sebastian Driussi,90,0.2875996828079223,AttemptSaved,#51B051,3787394,False,96.3157909450393,33.16125116348266,RegularPlay,Austin FC
4116,915807,394462,Hany Mukhtar,50,0.0373727977275848,Miss,#1E1742,3787393,False,75.84028954553443,35.83000116348267,FreeKick,Nashville SC
4122,915807,394462,Hany Mukhtar,67,0.07336887717247,Miss,#1E1742,3787393,False,87.74853268775178,32.85625,RegularPlay,Nashville SC
4123,915807,394462,Hany Mukhtar,69,0.182500272989273,AttemptSaved,#1E1742,3787393,False,96.7017573297786,36.44000058174134,RegularPlay,Nashville SC
4125,915807,394462,Hany Mukhtar,72,0.1556428074836731,AttemptSaved,#1E1742,3787393,False,93.0,35.83000116348267,RegularPlay,Nashville SC
4153,773958,750913,Luiz Araujo,24,0.0389480888843536,AttemptSaved,#751413,3787397,False,92.0999984741211,42.63968705892563,FromCorner,Atlanta United
4154,773958,750913,Luiz Araujo,24,0.0651001036167144,AttemptSaved,#751413,3787397,False,86.24558987287588,43.650446924087134,FromCorner,Atlanta United
4160,773958,750913,Luiz Araujo,39,0.0576082170009613,AttemptSaved,#751413,3787397,False,92.0,50.09630466151287,RegularPlay,Atlanta United
4162,773958,750913,Luiz Araujo,47,0.0684936642646789,AttemptSaved,#751413,3787397,False,95.4473684198,46.803313167587135,RegularPlay,Atlanta United
4164,773958,750913,Luiz Araujo,49,0.0385129153728485,AttemptSaved,#751413,3787397,False,84.51213935933113,49.74598619001287,RegularPlay,Atlanta United
4170,773958,750913,Luiz Araujo,59,0.0197348594665527,Miss,#751413,3787397,False,80.68301142806556,16.64254803927178,RegularPlay,Atlanta United
4172,773958,750913,Luiz Araujo,63,0.4932223260402679,Goal,#751413,3787397,False,97.47368273756072,29.96785842346489,RegularPlay,Atlanta United
4175,773958,750913,Luiz Araujo,73,0.1224143803119659,AttemptSaved,#751413,3787397,False,93.1999969482422,26.227500441074373,RegularPlay,Atlanta United
4185,773958,750913,Luiz Araujo,84,0.3114209771156311,AttemptSaved,#751413,3787397,False,96.7017573297786,32.322499418258666,RegularPlay,Atlanta United
4186,773958,750913,Luiz Araujo,85,0.0447749495506286,AttemptSaved,#751413,3787397,False,90.9000015258789,22.247642246912868,FromCorner,Atlanta United
4262,773958,750913,Luiz Araujo,9,0.0470156669616699,Miss,#751413,3787376,False,81.80922502006557,37.684,RegularPlay,Atlanta United
4263,915807,394462,Hany Mukhtar,12,0.0529738962650299,Miss,#1E1742,3787376,False,85.38676306712412,31.40749883651733,RegularPlay,Nashville SC
4264,915807,394462,Hany Mukhtar,21,0.0354408621788024,AttemptSaved,#1E1742,3787376,False,88.5999984741211,50.16636728672574,RegularPlay,Nashville SC
4268,773958,750913,Luiz Araujo,27,0.0641940534114837,Miss,#751413,3787376,False,91.0999984741211,24.349553075912866,RegularPlay,Atlanta United
4270,915807,394462,Hany Mukhtar,31,0.450722187757492,Goal,#1E1742,3787376,False,102.53448420575414,31.10250058174133,RegularPlay,Nashville SC
4277,773958,750913,Luiz Araujo,53,0.0939023792743682,Miss,#751413,3787376,False,83.94903256333113,37.05,FastBreak,Atlanta United
4280,915807,394462,Hany Mukhtar,65,0.024042785167694,AttemptSaved,#1E1742,3787376,False,77.52960993353443,42.23499911785126,FreeKick,Nashville SC
4284,915807,394462,Hany Mukhtar,76,0.1142325699329376,AttemptSaved,#1E1742,3787376,False,91.5,25.99624955892563,RegularPlay,Nashville SC
4296,867280,452368,Cristian Arango,38,0.05729940533638,AttemptSaved,#000000,3787378,False,82.14708394226886,20.566115187343566,RegularPlay,Los Angeles FC
4300,867280,452368,Cristian Arango,49,0.1187227070331573,AttemptSaved,#000000,3787378,False,89.4000015258789,30.316,RegularPlay,Los Angeles FC
4311,867280,452368,Cristian Arango,89,0.0616172850131988,AttemptSaved,#000000,3787378,False,82.14708394226886,29.295474906535112,RegularPlay,Los Angeles FC
4328,1323940,558136,Karol Swiderski,44,0.0986860990524292,Miss,#333333,3787463,False,91.0,38.368333335,RegularPlay,Charlotte
4329,1323940,558136,Karol Swiderski,44,0.0986860990524292,Miss,#333333,3787463,False,91.0,38.368333335,RegularPlay,Charlotte FC
4332,1323940,558136,Karol Swiderski,53,0.0442667007446289,AttemptSaved,#333333,3787463,False,91.6999969482422,7.477535299184786,FreeKick,Charlotte
4333,1323940,558136,Karol Swiderski,53,0.0442667007446289,AttemptSaved,#333333,3787463,False,91.6999969482422,7.477535299184786,FreeKick,Charlotte FC
4466,6603,792024,Jeremy Ebobisse,14,0.0528220534324646,Miss,#212123,3787372,False,84.84999828153444,27.194284431535117,RegularPlay,San Jose Earthquakes
4468,6603,792024,Jeremy Ebobisse,37,0.0472235381603241,Miss,#212123,3787372,False,90.6999969482422,40.21738159423244,RegularPlay,San Jose Earthquakes
4470,6603,792024,Jeremy Ebobisse,40,0.0508270859718322,AttemptSaved,#212123,3787372,False,76.06553741933112,34.99124941825867,RegularPlay,San Jose Earthquakes
4479,6603,792024,Jeremy Ebobisse,59,0.0722303390502929,Miss,#212123,3787372,False,95.9298245603,29.127382233464893,RegularPlay,San Jose Earthquakes
4480,6603,792024,Jeremy Ebobisse,60,0.0515719652175903,Miss,#212123,3787372,False,93.8000030517578,42.7553125,FastBreak,San Jose Earthquakes
4538,867280,452368,Cristian Arango,8,0.7884,Goal,#000000,3787383,False,94.0,34.0,Penalty,Los Angeles FC
4542,6603,792024,Jeremy Ebobisse,16,0.2471168041229248,Goal,#212123,3787383,False,97.1842134702786,34.152500581741336,RegularPlay,San Jose Earthquakes
4544,867280,452368,Cristian Arango,23,0.0277309715747833,AttemptSaved,#000000,3787383,False,84.7373786408,44.49120911751287,RegularPlay,Los Angeles FC
4545,6603,792024,Jeremy Ebobisse,24,0.7391353845596313,AttemptSaved,#212123,3787383,False,103.103448276,35.143750000000004,RegularPlay,San Jose Earthquakes
4547,6603,792024,Jeremy Ebobisse,27,0.1606988608837127,Miss,#212123,3787383,False,97.0877163528214,36.058750581741336,FromCorner,San Jose Earthquakes
4548,6603,792024,Jeremy Ebobisse,31,0.3030163645744324,Goal,#212123,3787383,False,98.1491257512786,35.83000116348267,FromCorner,San Jose Earthquakes
4566,1218886,510698,Sebastian Driussi,25,0.0616788566112518,AttemptSaved,#51B051,3787379,False,97.47368273756072,38.78857143,FromCorner,Austin FC
4580,1218886,510698,Sebastian Driussi,60,0.1227039694786071,AttemptSaved,#51B051,3787379,False,83.72378468953444,37.69599981689453,FreeKick,Austin FC
4581,1218886,510698,Sebastian Driussi,63,0.7884,Goal,#51B051,3787379,False,94.0,34.0,Penalty,Austin FC
4585,1218886,510698,Sebastian Driussi,77,0.1430663764476776,Miss,#51B051,3787379,False,97.9561388780607,35.98249883651734,RegularPlay,Austin FC
4593,1218886,510698,Sebastian Driussi,90,0.0615992844104766,Miss,#51B051,3787379,False,94.38596638303927,30.256,FromCorner,Austin FC
4647,773958,750913,Luiz Araujo,19,0.1871834993362426,AttemptSaved,#751413,3787384,False,96.8947368413,23.018344487843564,FastBreak,Atlanta United
4654,773958,750913,Luiz Araujo,37,0.020644873380661,Miss,#751413,3787384,False,76.62864421533112,27.950714285,RegularPlay,Atlanta United
4655,773958,750913,Luiz Araujo,41,0.0401639938354492,Miss,#751413,3787384,False,90.0999984741211,22.5278980932,RegularPlay,Atlanta United
4666,773958,750913,Luiz Araujo,73,0.1182163655757904,AttemptSaved,#751413,3787384,False,91.1999969482422,36.74499883651734,RegularPlay,Atlanta United
4849,915807,394462,Hany Mukhtar,14,0.0810021758079528,Goal,#1E1742,3787408,False,97.8596491223,45.962545628725735,RegularPlay,Nashville SC
4850,915807,394462,Hany Mukhtar,17,0.392206996679306,Goal,#1E1742,3787408,False,100.16379455075412,33.46624941825866,FastBreak,Nashville SC
4851,915807,394462,Hany Mukhtar,21,0.0466537475585937,AttemptSaved,#1E1742,3787408,False,92.0,37.719999908447264,RegularPlay,Nashville SC
4855,915807,394462,Hany Mukhtar,28,0.0910406410694122,AttemptSaved,#1E1742,3787408,False,95.06140203506072,36.592501163482666,RegularPlay,Nashville SC
5022,1218886,510698,Sebastian Driussi,78,0.034392237663269,Miss,#51B051,3787438,False,75.95290918626887,28.034760621535117,FreeKick,Austin FC
5026,1218886,510698,Sebastian Driussi,90,0.02129727602005,Miss,#51B051,3787438,False,77.75485780733112,39.96523937846489,RegularPlay,Austin FC
5082,6603,792024,Jeremy Ebobisse,9,0.0343211889266967,AttemptSaved,#212123,3787435,False,85.9235277731241,20.145732754271783,RegularPlay,San Jose Earthquakes
5085,915807,394462,Hany Mukhtar,21,0.1144012212753295,AttemptSaved,#1E1742,3787435,False,92.5,28.959286354232447,RegularPlay,Nashville SC
5086,6603,792024,Jeremy Ebobisse,22,0.0683407187461853,AttemptSaved,#212123,3787435,False,86.24558987287588,35.143750000000004,RegularPlay,San Jose Earthquakes
5087,915807,394462,Hany Mukhtar,33,0.2676911950111389,AttemptSaved,#1E1742,3787435,False,97.5701724933214,32.322499418258666,RegularPlay,Nashville SC
5092,915807,394462,Hany Mukhtar,45,0.1581803560256958,AttemptSaved,#1E1742,3787435,False,102.43965806650829,22.317707544843564,RegularPlay,Nashville SC
5097,6603,792024,Jeremy Ebobisse,57,0.0326312184333801,AttemptSaved,#212123,3787435,False,80.11990463206556,41.541250882148745,RegularPlay,San Jose Earthquakes
5098,915807,394462,Hany Mukhtar,61,0.0265430808067321,AttemptSaved,#1E1742,3787435,False,83.16067789353444,50.58675372887426,RegularPlay,Nashville SC
5100,6603,792024,Jeremy Ebobisse,69,0.0623656213283538,Miss,#212123,3787435,False,86.9970571851241,38.368333335,RegularPlay,San Jose Earthquakes
5102,915807,394462,Hany Mukhtar,72,0.0816376209259033,AttemptSaved,#1E1742,3787435,False,93.8000030517578,25.99624955892563,RegularPlay,Nashville SC
5131,773958,750913,Luiz Araujo,4,0.0484386980533599,Goal,#751413,3787447,False,80.90825070953443,35.143750000000004,RegularPlay,Atlanta United
5135,773958,750913,Luiz Araujo,18,0.1084645092487335,Miss,#751413,3787447,False,83.94903256333113,30.797499418258663,FreeKick,Atlanta United
5137,773958,750913,Luiz Araujo,24,0.0559296309947967,AttemptSaved,#751413,3787447,False,87.963235294,22.317707544843564,RegularPlay,Atlanta United
5138,773958,750913,Luiz Araujo,24,0.0396307706832885,Miss,#751413,3787447,False,80.57039178733112,24.209427825487133,RegularPlay,Atlanta United
5150,773958,750913,Luiz Araujo,56,0.0327392518520355,AttemptSaved,#751413,3787447,False,87.21176798175176,21.897323775412865,RegularPlay,Atlanta United
5183,867280,452368,Cristian Arango,2,0.040724366903305,Miss,#000000,3787433,False,101.01724427350828,45.261908685725736,FromCorner,Los Angeles FC
5192,867280,452368,Cristian Arango,41,0.0379248857498168,AttemptSaved,#000000,3787433,False,95.3508786640393,16.5724840777,RegularPlay,Los Angeles FC
5202,867280,452368,Cristian Arango,63,0.4801828563213348,AttemptSaved,#000000,3787433,False,98.4385950185607,34.38125,RegularPlay,Los Angeles FC
5203,867280,452368,Cristian Arango,79,0.1553497314453125,Goal,#000000,3787433,False,94.0964897540607,32.01750116348266,RegularPlay,Los Angeles FC
5217,915807,394462,Hany Mukhtar,63,0.1249538958072662,AttemptSaved,#1E1742,3787445,False,92.8000030517578,20.145732754271783,RegularPlay,Nashville SC
5293,1218886,510698,Sebastian Driussi,14,0.0390732884407043,Miss,#51B051,3787469,False,75.61505026406556,24.769936845343565,RegularPlay,Austin FC
5294,1218886,510698,Sebastian Driussi,19,0.1518608331680297,Miss,#51B051,3787469,False,94.6754356503214,35.98249883651734,RegularPlay,Austin FC
5301,1218886,510698,Sebastian Driussi,71,0.6250618696212769,AttemptSaved,#51B051,3787469,False,100.63793248175412,37.684,RegularPlay,Austin FC
5450,6603,792024,Jeremy Ebobisse,8,0.039055049419403,Miss,#212123,3787448,False,86.03087907624823,50.58675372887426,RegularPlay,San Jose Earthquakes
5454,6603,792024,Jeremy Ebobisse,19,0.2304943203926086,Miss,#212123,3787448,False,91.6999969482422,30.05190476,RegularPlay,San Jose Earthquakes
5517,915807,394462,Hany Mukhtar,16,0.1606356501579284,AttemptSaved,#1E1742,3787442,False,85.17206046087588,42.119375882148745,RegularPlay,Nashville SC
5518,915807,394462,Hany Mukhtar,19,0.0187260210514068,Miss,#1E1742,3787442,False,94.7719327677786,44.7714649638,RegularPlay,Nashville SC
5519,915807,394462,Hany Mukhtar,23,0.0726334154605865,AttemptSaved,#1E1742,3787442,False,80.68301142806556,25.360312941074373,FreeKick,Nashville SC
5521,915807,394462,Hany Mukhtar,45,0.4404909014701843,Goal,#1E1742,3787442,False,101.49138220450828,28.62309459576756,RegularPlay,Nashville SC
5523,915807,394462,Hany Mukhtar,47,0.0585092008113861,AttemptSaved,#1E1742,3787442,False,77.30437065206556,28.28690604346489,RegularPlay,Nashville SC
5524,915807,394462,Hany Mukhtar,50,0.148075520992279,Goal,#1E1742,3787442,False,89.80000305175781,29.463570785767555,RegularPlay,Nashville SC
5526,915807,394462,Hany Mukhtar,70,0.043442815542221,AttemptSaved,#1E1742,3787442,False,101.77586062224586,43.3701910778,RegularPlay,Nashville SC
5542,1323940,558136,Karol Swiderski,82,0.3579939901828766,AttemptSaved,#333333,3787488,False,100.25862069,32.474999999999994,FromCorner,Charlotte
5543,1323940,558136,Karol Swiderski,82,0.3579939901828766,AttemptSaved,#333333,3787488,False,100.25862069,32.474999999999994,FromCorner,Charlotte FC
5544,1323940,558136,Karol Swiderski,82,0.5160040259361267,Miss,#333333,3787488,False,103.19827441524586,32.55124883651733,FromCorner,Charlotte
5545,1323940,558136,Karol Swiderski,82,0.5160040259361267,Miss,#333333,3787488,False,103.19827441524586,32.55124883651733,FromCorner,Charlotte FC
5562,773958,750913,Luiz Araujo,51,0.0644879341125488,AttemptSaved,#751413,3787489,False,100.44827296849174,16.152101644628218,FromCorner,Atlanta United
5565,773958,750913,Luiz Araujo,57,0.6022748351097107,Goal,#751413,3787489,False,98.0526286338214,27.44642985346489,RegularPlay,Atlanta United
5566,773958,750913,Luiz Araujo,61,0.055525928735733,AttemptSaved,#751413,3787489,False,85.38676306712412,22.1775796217,RegularPlay,Atlanta United
5573,773958,750913,Luiz Araujo,77,0.066515564918518,Miss,#751413,3787489,False,90.6999969482422,41.05785778423244,RegularPlay,Atlanta United
5656,1218886,510698,Sebastian Driussi,45,0.0820280909538269,AttemptSaved,#51B051,3787417,False,92.5,25.53375,RegularPlay,Austin FC
5658,1218886,510698,Sebastian Driussi,45,0.1049452126026153,Miss,#51B051,3787417,False,95.83333480453928,37.94809524,RegularPlay,Austin FC
5660,1218886,510698,Sebastian Driussi,53,0.0883800983428955,Miss,#51B051,3787417,False,95.6403479313214,36.058750581741336,RegularPlay,Austin FC
5666,1218886,510698,Sebastian Driussi,72,0.0826987624168396,Goal,#51B051,3787417,False,97.2807032260393,22.45783546798713,FastBreak,Austin FC
5671,1218886,510698,Sebastian Driussi,83,0.0464411675930023,Miss,#51B051,3787417,False,76.74126385606556,37.67200018310547,FreeKick,Austin FC
5735,867280,452368,Cristian Arango,67,0.4190341234207153,Goal,#000000,3787413,False,93.0,36.74499883651734,RegularPlay,Los Angeles FC
5862,867280,452368,Cristian Arango,22,0.0701656937599182,AttemptSaved,#000000,3787418,False,98.8245614033,20.91643365884357,RegularPlay,Los Angeles FC
5875,867280,452368,Cristian Arango,54,0.0248578786849975,AttemptSaved,#000000,3787418,False,75.27718274953443,28.959286354232447,RegularPlay,Los Angeles FC
5876,867280,452368,Cristian Arango,57,0.3223408758640289,Goal,#000000,3787418,False,93.4000015258789,40.049285715,RegularPlay,Los Angeles FC
5877,867280,452368,Cristian Arango,59,0.1302893459796905,Miss,#000000,3787418,False,97.0877163528214,33.92375116348266,RegularPlay,Los Angeles FC
5881,867280,452368,Cristian Arango,88,0.4632788896560669,AttemptSaved,#000000,3787418,False,90.3000030517578,33.61875,FastBreak,Los Angeles FC
5995,773958,750913,Luiz Araujo,32,0.0852203667163848,AttemptSaved,#751413,3787427,False,92.8000030517578,41.42562544107437,FastBreak,Atlanta United
5996,773958,750913,Luiz Araujo,34,0.0265217423439025,AttemptSaved,#751413,3787427,False,80.57039178733112,46.5230573213,RegularPlay,Atlanta United
6001,773958,750913,Luiz Araujo,45,0.1678187549114227,Miss,#751413,3787427,False,93.3000030517578,31.10250058174133,RegularPlay,Atlanta United
6043,1323940,558136,Karol Swiderski,29,0.0904481410980224,Miss,#333333,3787420,False,81.80922502006557,31.48375058174133,FreeKick,Charlotte
6044,1323940,558136,Karol Swiderski,29,0.0904481410980224,Miss,#333333,3787420,False,81.80922502006557,31.48375058174133,FreeKick,Charlotte FC
6050,1323940,558136,Karol Swiderski,56,0.1701492369174957,AttemptSaved,#333333,3787420,False,88.80000305175781,33.16125116348266,RegularPlay,Charlotte
6051,1323940,558136,Karol Swiderski,56,0.1701492369174957,AttemptSaved,#333333,3787420,False,88.80000305175781,33.16125116348266,RegularPlay,Charlotte FC
6055,1323940,558136,Karol Swiderski,68,0.0447999238967895,AttemptSaved,#333333,3787420,False,82.59757109753443,43.51031900094357,RegularPlay,Charlotte
6056,1323940,558136,Karol Swiderski,68,0.0447999238967895,AttemptSaved,#333333,3787420,False,82.59757109753443,43.51031900094357,RegularPlay,Charlotte FC
6086,867280,452368,Cristian Arango,31,0.0167500972747802,AttemptSaved,#000000,3787664,False,77.52960993353443,45.8224203783,SetPiece,Los Angeles FC
6087,867280,452368,Cristian Arango,31,0.0367054641246795,Miss,#000000,3787664,False,94.38596638303927,42.35062455892563,SetPiece,Los Angeles FC
6089,867280,452368,Cristian Arango,54,0.0274197161197662,Miss,#000000,3787664,False,75.1645631088,34.0,RegularPlay,Los Angeles FC
6090,867280,452368,Cristian Arango,63,0.0837923884391784,AttemptSaved,#000000,3787664,False,80.34514391353443,33.54250116348266,FreeKick,Los Angeles FC
6137,773958,750913,Luiz Araujo,25,0.0651703178882598,AttemptSaved,#751413,3787499,False,84.28689148553444,28.959286354232447,RegularPlay,Atlanta United
6138,773958,750913,Luiz Araujo,29,0.2411569654941558,AttemptSaved,#751413,3787499,False,96.4122807008,33.08499941825866,RegularPlay,Atlanta United
6139,773958,750913,Luiz Araujo,31,0.040897250175476,AttemptSaved,#751413,3787499,False,84.84999828153444,18.74445886827178,RegularPlay,Atlanta United
6151,773958,750913,Luiz Araujo,61,0.0303677320480346,AttemptSaved,#751413,3787499,False,79.44417819533112,28.70714413846489,RegularPlay,Atlanta United
6153,773958,750913,Luiz Araujo,78,0.019274353981018,AttemptSaved,#751413,3787499,False,90.6999969482422,47.5740127358,RegularPlay,Atlanta United
6186,915807,394462,Hany Mukhtar,1,0.1652915179729461,AttemptSaved,#1E1742,3787494,False,100.25862069,22.1775796217,RegularPlay,Nashville SC
6203,915807,394462,Hany Mukhtar,52,0.0559375286102294,AttemptSaved,#1E1742,3787494,False,82.93543861206557,20.566115187343566,FreeKick,Nashville SC
6204,915807,394462,Hany Mukhtar,52,0.0244147777557373,AttemptSaved,#1E1742,3787494,False,84.28689148553444,20.566115187343566,SetPiece,Nashville SC
6205,915807,394462,Hany Mukhtar,57,0.2425661385059356,Goal,#1E1742,3787494,False,96.7017573297786,29.96785842346489,RegularPlay,Nashville SC
6209,915807,394462,Hany Mukhtar,67,0.0526505410671234,Miss,#1E1742,3787494,False,87.53382189112412,42.7553125,RegularPlay,Nashville SC
6212,915807,394462,Hany Mukhtar,84,0.074811041355133,AttemptSaved,#1E1742,3787494,False,99.0175409148214,27.950714285,RegularPlay,Nashville SC
6221,1323940,558136,Karol Swiderski,7,0.0504037141799926,AttemptSaved,#333333,3787495,False,88.28529739375176,44.7714649638,RegularPlay,Charlotte
6222,1323940,558136,Karol Swiderski,7,0.0504037141799926,AttemptSaved,#333333,3787495,False,88.28529739375176,44.7714649638,RegularPlay,Charlotte FC
6226,1323940,558136,Karol Swiderski,26,0.1221715211868286,Post,#333333,3787495,False,97.5701724933214,31.40749883651733,RegularPlay,Charlotte
6227,1323940,558136,Karol Swiderski,26,0.1221715211868286,Post,#333333,3787495,False,97.5701724933214,31.40749883651733,RegularPlay,Charlotte FC
6231,1323940,558136,Karol Swiderski,31,0.1441261768341064,Miss,#333333,3787495,False,95.06140203506072,28.539048259232445,RegularPlay,Charlotte
6232,1323940,558136,Karol Swiderski,31,0.1441261768341064,Miss,#333333,3787495,False,95.06140203506072,28.539048259232445,RegularPlay,Charlotte FC
6351,6603,792024,Jeremy Ebobisse,31,0.1456144154071808,AttemptSaved,#212123,3787493,False,92.3000030517578,43.10218661785126,RegularPlay,San Jose Earthquakes
6367,6603,792024,Jeremy Ebobisse,58,0.0265617072582244,AttemptSaved,#212123,3787493,False,78.43058424406556,37.05,RegularPlay,San Jose Earthquakes
6372,6603,792024,Jeremy Ebobisse,67,0.1786092519760131,AttemptSaved,#212123,3787493,False,97.0877163528214,32.322499418258666,RegularPlay,San Jose Earthquakes
6377,6603,792024,Jeremy Ebobisse,90,0.3244138062000274,AttemptSaved,#212123,3787493,False,98.0526286338214,33.92375116348266,RegularPlay,San Jose Earthquakes
6386,1218886,510698,Sebastian Driussi,34,0.0818082094192504,AttemptSaved,#51B051,3787491,False,88.39264869687588,25.649375441074373,RegularPlay,Austin FC
6392,1218886,510698,Sebastian Driussi,45,0.3206621408462524,Goal,#51B051,3787491,False,97.3771929818,35.06750116348267,RegularPlay,Austin FC
6571,915807,394462,Hany Mukhtar,14,0.0880323052406311,AttemptSaved,#1E1742,3787509,False,79.44417819533112,30.34000058174133,FreeKick,Nashville SC
6573,915807,394462,Hany Mukhtar,22,0.082661360502243,AttemptSaved,#1E1742,3787509,False,95.3508786640393,34.38125,RegularPlay,Nashville SC
6576,915807,394462,Hany Mukhtar,31,0.0280142426490783,AttemptSaved,#1E1742,3787509,False,101.77586062224586,61.63753754302172,FreeKick,Nashville SC
6579,915807,394462,Hany Mukhtar,44,0.3623513579368591,Goal,#1E1742,3787509,False,93.0999984741211,36.44000058174134,FastBreak,Nashville SC
6688,1218886,510698,Sebastian Driussi,37,0.3541796207427978,Miss,#51B051,3787528,False,100.16379455075412,30.256,RegularPlay,Austin FC
6715,867280,452368,Cristian Arango,31,0.1523452401161193,Miss,#000000,3787506,False,90.0,28.62309459576756,RegularPlay,Los Angeles FC
6717,867280,452368,Cristian Arango,37,0.0665116012096405,Miss,#000000,3787506,False,95.1578917908214,29.799762544232447,FromCorner,Los Angeles FC
6725,867280,452368,Cristian Arango,72,0.1903518140316009,Goal,#000000,3787506,False,85.9235277731241,28.62309459576756,FastBreak,Los Angeles FC
6804,773958,750913,Luiz Araujo,34,0.050357162952423,AttemptSaved,#751413,3787521,False,76.06553741933112,34.53375058174134,FreeKick,Atlanta United
6811,1218886,510698,Sebastian Driussi,57,0.777355432510376,Goal,#51B051,3787521,False,96.1228040718214,36.74499883651734,RegularPlay,Austin FC
6814,773958,750913,Luiz Araujo,65,0.1121382117271423,AttemptSaved,#751413,3787521,False,94.4824561388,26.227500441074373,FastBreak,Atlanta United
6820,1218886,510698,Sebastian Driussi,77,0.2769933938980102,Post,#51B051,3787521,False,97.7631593665393,34.686251163482666,RegularPlay,Austin FC
6821,773958,750913,Luiz Araujo,84,0.0510798096656799,AttemptSaved,#751413,3787521,False,86.9970571851241,35.601248836517335,RegularPlay,Atlanta United
6827,6603,792024,Jeremy Ebobisse,14,0.5099788308143616,Goal,#212123,3787512,False,94.7719327677786,39.545001283464885,RegularPlay,San Jose Earthquakes
6854,6603,792024,Jeremy Ebobisse,76,0.0875871181488037,AttemptSaved,#212123,3787512,False,87.21176798175176,24.897813382148744,RegularPlay,San Jose Earthquakes
6862,915807,394462,Hany Mukhtar,18,0.3883065581321716,AttemptSaved,#1E1742,3787522,False,100.82758476024588,31.86500058174133,FromCorner,Nashville SC
6868,1323940,558136,Karol Swiderski,38,0.0925769805908203,AttemptSaved,#333333,3787522,False,92.0,30.32799981689453,RegularPlay,Charlotte
6869,1323940,558136,Karol Swiderski,38,0.0925769805908203,AttemptSaved,#333333,3787522,False,92.0,30.32799981689453,RegularPlay,Charlotte FC
6871,915807,394462,Hany Mukhtar,44,0.1214342713356018,Post,#1E1742,3787522,False,96.0263143160607,37.77999990844727,ThrowInSetPiece,Nashville SC
6873,915807,394462,Hany Mukhtar,46,0.0150064229965209,AttemptSaved,#1E1742,3787522,False,73.70048200226887,22.03745169855643,RegularPlay,Nashville SC
6882,915807,394462,Hany Mukhtar,56,0.0510516762733459,AttemptSaved,#1E1742,3787522,False,87.31911928487588,39.46095174076756,RegularPlay,Nashville SC
6885,1323940,558136,Karol Swiderski,61,0.1511032581329345,Goal,#333333,3787522,False,97.0877163528214,33.69499883651733,RegularPlay,Charlotte
6886,1323940,558136,Karol Swiderski,61,0.1511032581329345,Goal,#333333,3787522,False,97.0877163528214,33.69499883651733,RegularPlay,Charlotte FC
6889,915807,394462,Hany Mukhtar,67,0.7884,Goal,#1E1742,3787522,False,94.0,34.0,Penalty,Nashville SC
6894,915807,394462,Hany Mukhtar,83,0.319248229265213,AttemptSaved,#1E1742,3787522,False,91.4000015258789,30.30400018310547,RegularPlay,Nashville SC
7027,6603,792024,Jeremy Ebobisse,26,0.413564383983612,Goal,#212123,3787668,False,94.9649122793,29.463570785767555,RegularPlay,San Jose Earthquakes
7043,6603,792024,Jeremy Ebobisse,84,0.087563157081604,Miss,#212123,3787668,False,96.79824708553927,37.65999941825866,RegularPlay,San Jose Earthquakes
7047,6603,792024,Jeremy Ebobisse,90,0.3150780797004699,AttemptSaved,#212123,3787668,False,93.3000030517578,24.69987154741287,RegularPlay,San Jose Earthquakes
7166,1218886,510698,Sebastian Driussi,22,0.0433303117752075,Post,#51B051,3787530,False,91.0999984741211,51.00713482558713,RegularPlay,Austin FC
7193,773958,750913,Luiz Araujo,81,0.1471458375453949,AttemptSaved,#751413,3787544,False,91.6999969482422,24.955625,RegularPlay,Atlanta United
7345,867280,452368,Cristian Arango,27,0.3066705465316772,Goal,#000000,3787547,False,96.7017573297786,25.53375,RegularPlay,Los Angeles FC
7347,915807,394462,Hany Mukhtar,30,0.0446341335773468,AttemptSaved,#1E1742,3787547,False,84.39951112626888,24.955625,RegularPlay,Nashville SC
7348,867280,452368,Cristian Arango,32,0.1949466168880462,Miss,#000000,3787547,False,101.11207041275414,26.858095879232447,RegularPlay,Los Angeles FC
7350,915807,394462,Hany Mukhtar,43,0.7884,Goal,#1E1742,3787547,False,94.0,34.0,Penalty,Nashville SC
7355,867280,452368,Cristian Arango,50,0.0494894385337829,Miss,#000000,3787547,False,83.94903256333113,39.713093956535104,RegularPlay,Los Angeles FC
7361,915807,394462,Hany Mukhtar,74,0.037447452545166,Miss,#1E1742,3787547,False,98.3421052628,58.620282352978286,FreeKick,Nashville SC
7397,6603,792024,Jeremy Ebobisse,10,0.0464027225971221,Miss,#212123,3787549,False,77.30437065206556,37.719999908447264,FreeKick,San Jose Earthquakes
7415,6603,792024,Jeremy Ebobisse,74,0.62824946641922,AttemptSaved,#212123,3787549,False,99.97413503749172,32.01750116348266,RegularPlay,San Jose Earthquakes
7520,1323940,558136,Karol Swiderski,35,0.0209811925888061,Miss,#333333,3787673,False,99.0175409148214,47.5740127358,FromCorner,Charlotte
7521,1323940,558136,Karol Swiderski,35,0.0209811925888061,Miss,#333333,3787673,False,99.0175409148214,47.5740127358,FromCorner,Charlotte FC
7523,1323940,558136,Karol Swiderski,45,0.0909282267093658,AttemptSaved,#333333,3787673,False,94.0,34.38125,RegularPlay,Charlotte
7524,1323940,558136,Karol Swiderski,45,0.0909282267093658,AttemptSaved,#333333,3787673,False,94.0,34.38125,RegularPlay,Charlotte FC
7668,867280,452368,Cristian Arango,7,0.0342632234096527,AttemptSaved,#000000,3787543,False,93.4000015258789,17.833630040556432,RegularPlay,Los Angeles FC
7675,867280,452368,Cristian Arango,41,0.0846295654773712,Miss,#000000,3787543,False,96.8947368413,31.86500058174133,FromCorner,Los Angeles FC
7680,867280,452368,Cristian Arango,56,0.073117196559906,Goal,#000000,3787543,False,94.6754356503214,19.164841301343564,RegularPlay,Los Angeles FC
7682,867280,452368,Cristian Arango,66,0.0428991615772247,Miss,#000000,3787543,False,92.4000015258789,18.464204358343565,RegularPlay,Los Angeles FC
7762,6603,792024,Jeremy Ebobisse,75,0.357299268245697,Miss,#212123,3787532,False,101.87068676149173,41.42562544107437,FromCorner,San Jose Earthquakes
7767,6603,792024,Jeremy Ebobisse,90,0.0426477491855621,Miss,#212123,3787532,False,96.2193011892786,46.38293207087426,RegularPlay,San Jose Earthquakes
7776,867280,452368,Cristian Arango,26,0.0901317596435546,AttemptSaved,#000000,3787535,False,87.64117319424822,34.22874941825867,RegularPlay,Los Angeles FC
7778,867280,452368,Cristian Arango,35,0.0643695890903472,Miss,#000000,3787535,False,99.59483048050826,42.7553125,SetPiece,Los Angeles FC
7781,867280,452368,Cristian Arango,41,0.4535492956638336,AttemptSaved,#000000,3787535,False,101.77586062224586,34.83874883651734,RegularPlay,Los Angeles FC
7791,867280,452368,Cristian Arango,59,0.0119207501411437,AttemptSaved,#000000,3787535,False,75.95290918626887,20.355923302628216,RegularPlay,Los Angeles FC
7811,773958,750913,Luiz Araujo,48,0.0129567086696624,Miss,#751413,3787534,False,90.0,18.74445886827178,RegularPlay,Atlanta United
7812,773958,750913,Luiz Araujo,54,0.056552916765213,Miss,#751413,3787534,False,89.30000305175781,48.554905525087136,RegularPlay,Atlanta United
7813,773958,750913,Luiz Araujo,57,0.0725145936012268,AttemptSaved,#751413,3787534,False,91.3000030517578,44.14089064601287,RegularPlay,Atlanta United
7829,1218886,510698,Sebastian Driussi,35,0.0458578765392303,AttemptSaved,#51B051,3787533,False,84.39951112626888,41.65687411785126,FromCorner,Austin FC
7831,1218886,510698,Sebastian Driussi,45,0.0449812114238739,Goal,#51B051,3787533,False,84.7373786408,42.35062455892563,FromCorner,Austin FC
7839,1218886,510698,Sebastian Driussi,69,0.0186356902122497,Goal,#51B051,3787533,False,75.95290918626887,32.62750058174133,RegularPlay,Austin FC
7883,773958,750913,Luiz Araujo,18,0.0453304350376129,AttemptSaved,#751413,3787538,False,90.0,22.597960718412867,RegularPlay,Atlanta United
7889,773958,750913,Luiz Araujo,40,0.0303863584995269,Miss,#751413,3787538,False,78.99369104006556,16.432356154556434,RegularPlay,Atlanta United
7890,773958,750913,Luiz Araujo,45,0.060845524072647,AttemptSaved,#751413,3787538,False,92.0,23.648916132912863,FastBreak,Atlanta United
7893,773958,750913,Luiz Araujo,48,0.0456950962543487,AttemptSaved,#751413,3787538,False,87.31911928487588,37.744,FromCorner,Atlanta United
7903,773958,750913,Luiz Araujo,74,0.1265390515327453,AttemptSaved,#751413,3787538,False,89.80000305175781,38.20023745576755,RegularPlay,Atlanta United
7953,915807,394462,Hany Mukhtar,13,0.0589078962802886,Miss,#1E1742,3787702,False,86.24558987287588,47.08356901387427,FreeKick,Nashville SC
7967,915807,394462,Hany Mukhtar,52,0.2273154854774475,Miss,#1E1742,3787702,False,98.24561550703928,37.744,RegularPlay,Nashville SC
7983,915807,394462,Hany Mukhtar,90,0.0778414905071258,AttemptSaved,#1E1742,3787702,False,92.5,29.96785842346489,RegularPlay,Nashville SC
7987,915807,394462,Hany Mukhtar,90,0.1687033772468567,Miss,#1E1742,3787702,False,101.11207041275414,44.351083867087134,RegularPlay,Nashville SC
8046,6603,792024,Jeremy Ebobisse,10,0.0873842239379882,AttemptSaved,#212123,3787536,False,96.8947368413,26.054063382148744,RegularPlay,San Jose Earthquakes
8061,6603,792024,Jeremy Ebobisse,56,0.0340781211853027,Miss,#212123,3787536,False,79.1063106808,38.70452509346489,RegularPlay,San Jose Earthquakes
8063,6603,792024,Jeremy Ebobisse,62,0.2795417606830597,Goal,#212123,3787536,False,95.4473684198,32.85625,RegularPlay,San Jose Earthquakes
8071,1323940,558136,Karol Swiderski,1,0.0124028921127319,Miss,#333333,3787562,False,55.651665113389775,31.7125,RegularPlay,Charlotte
8072,1323940,558136,Karol Swiderski,1,0.0124028921127319,Miss,#333333,3787562,False,55.651665113389775,31.7125,RegularPlay,Charlotte FC
8073,1323940,558136,Karol Swiderski,7,0.1195085644721984,Miss,#333333,3787562,False,97.9561388780607,35.90625,FromCorner,Charlotte
8074,1323940,558136,Karol Swiderski,7,0.1195085644721984,Miss,#333333,3787562,False,97.9561388780607,35.90625,FromCorner,Charlotte FC
8079,1323940,558136,Karol Swiderski,13,0.0456047654151916,AttemptSaved,#333333,3787562,False,96.8947368413,27.53047619,RegularPlay,Charlotte
8080,1323940,558136,Karol Swiderski,13,0.0456047654151916,AttemptSaved,#333333,3787562,False,96.8947368413,27.53047619,RegularPlay,Charlotte FC
8084,1323940,558136,Karol Swiderski,28,0.074887216091156,Miss,#333333,3787562,False,83.83640433026888,43.23006315465644,FreeKick,Charlotte
8085,1323940,558136,Karol Swiderski,28,0.074887216091156,Miss,#333333,3787562,False,83.83640433026888,43.23006315465644,FreeKick,Charlotte FC
8087,1323940,558136,Karol Swiderski,38,0.0278005599975585,AttemptSaved,#333333,3787562,False,82.14708394226886,17.9737579637,RegularPlay,Charlotte
8088,1323940,558136,Karol Swiderski,38,0.0278005599975585,AttemptSaved,#333333,3787562,False,82.14708394226886,17.9737579637,RegularPlay,Charlotte FC
8096,1323940,558136,Karol Swiderski,64,0.8624817728996277,Goal,#333333,3787562,False,101.39654883049172,37.05,RegularPlay,Charlotte
8097,1323940,558136,Karol Swiderski,64,0.8624817728996277,Goal,#333333,3787562,False,101.39654883049172,37.05,RegularPlay,Charlotte FC
8098,1323940,558136,Karol Swiderski,67,0.0698671638965606,AttemptSaved,#333333,3787562,False,95.4473684198,32.93249883651733,RegularPlay,Charlotte
8099,1323940,558136,Karol Swiderski,67,0.0698671638965606,AttemptSaved,#333333,3787562,False,95.4473684198,32.93249883651733,RegularPlay,Charlotte FC
8113,1218886,510698,Sebastian Driussi,7,0.0267587602138519,Miss,#51B051,3787556,False,80.68301142806556,42.7553125,RegularPlay,Austin FC
8121,1218886,510698,Sebastian Driussi,49,0.1063674092292785,Miss,#51B051,3787556,False,91.0999984741211,32.85625,RegularPlay,Austin FC
8128,1218886,510698,Sebastian Driussi,86,0.0483982264995574,AttemptSaved,#51B051,3787556,False,95.7368450487786,27.36238031076756,RegularPlay,Austin FC
8129,1218886,510698,Sebastian Driussi,86,0.0337085723876953,AttemptSaved,#51B051,3787556,False,97.5701724933214,46.45299469608713,FromCorner,Austin FC
8132,1218886,510698,Sebastian Driussi,90,0.4285091757774353,Goal,#51B051,3787556,False,92.0,36.2875,RegularPlay,Austin FC
8216,915807,394462,Hany Mukhtar,41,0.0363505780696868,AttemptSaved,#1E1742,3787560,False,82.03446430153443,41.42562544107437,RegularPlay,Nashville SC
8219,915807,394462,Hany Mukhtar,46,0.2003683745861053,AttemptSaved,#1E1742,3787560,False,98.5350847743214,34.83874883651734,RegularPlay,Nashville SC
8244,6603,792024,Jeremy Ebobisse,54,0.0193517804145813,Miss,#212123,3787559,False,78.09271672953443,43.79057217451287,RegularPlay,San Jose Earthquakes
8248,6603,792024,Jeremy Ebobisse,65,0.1013287305831909,AttemptSaved,#212123,3787559,False,91.8000030517578,33.46624941825866,RegularPlay,San Jose Earthquakes
8252,6603,792024,Jeremy Ebobisse,78,0.0499132871627807,AttemptSaved,#212123,3787559,False,96.8947368413,51.4275159223,RegularPlay,San Jose Earthquakes
8398,773958,750913,Luiz Araujo,53,0.05655038356781,AttemptSaved,#751413,3787558,False,94.9649122793,42.1771875,RegularPlay,Atlanta United
8490,1218886,510698,Sebastian Driussi,26,0.2569208145141601,Goal,#51B051,3787591,False,94.6754356503214,37.744,RegularPlay,Austin FC
8496,6603,792024,Jeremy Ebobisse,40,0.1134165525436401,AttemptSaved,#212123,3787591,False,96.6052602123214,36.44000058174134,RegularPlay,San Jose Earthquakes
8498,1218886,510698,Sebastian Driussi,44,0.8660964965820312,Goal,#51B051,3787591,False,104.051724138,31.86500058174133,RegularPlay,Austin FC
8499,1218886,510698,Sebastian Driussi,44,0.531625509262085,Post,#51B051,3787591,False,104.24137641649172,29.463570785767555,RegularPlay,Austin FC
8505,6603,792024,Jeremy Ebobisse,69,0.0331930220127105,Miss,#212123,3787591,False,82.93543861206557,36.21125116348267,RegularPlay,San Jose Earthquakes
8508,1218886,510698,Sebastian Driussi,71,0.2309569418430328,Miss,#51B051,3787591,False,98.3421052628,37.94809524,RegularPlay,Austin FC
8511,6603,792024,Jeremy Ebobisse,88,0.2041486203670501,Goal,#212123,3787591,False,97.0877163528214,32.93249883651733,RegularPlay,San Jose Earthquakes
8572,867280,452368,Cristian Arango,9,0.3097127079963684,Goal,#000000,3787593,False,100.06896841150828,32.780001163482666,SetPiece,Los Angeles FC
8578,867280,452368,Cristian Arango,38,0.0236629247665405,AttemptSaved,#000000,3787593,False,64.69077756243279,7.411943257407607,FastBreak,Los Angeles FC
8579,867280,452368,Cristian Arango,39,0.1022380590438842,AttemptSaved,#000000,3787593,False,82.14708394226886,24.897813382148744,RegularPlay,Los Angeles FC
8585,867280,452368,Cristian Arango,60,0.4420885145664215,Goal,#000000,3787593,False,100.16379455075412,36.592501163482666,RegularPlay,Los Angeles FC
8611,915807,394462,Hany Mukhtar,41,0.7884,Goal,#1E1742,3787697,False,94.0,34.0,Penalty,Nashville SC
8629,915807,394462,Hany Mukhtar,90,0.0595360398292541,Miss,#1E1742,3787697,False,96.7017573297786,35.143750000000004,RegularPlay,Nashville SC
8638,1323940,558136,Karol Swiderski,23,0.2925123274326324,AttemptSaved,#333333,3787557,False,97.9561388780607,30.135951096535116,RegularPlay,Charlotte
8639,1323940,558136,Karol Swiderski,23,0.2925123274326324,AttemptSaved,#333333,3787557,False,97.9561388780607,30.135951096535116,RegularPlay,Charlotte FC
8649,1323940,558136,Karol Swiderski,45,0.4389856159687042,Goal,#333333,3787557,False,101.49138220450828,35.37249941825867,RegularPlay,Charlotte
8650,1323940,558136,Karol Swiderski,45,0.4389856159687042,Goal,#333333,3787557,False,101.49138220450828,35.37249941825867,RegularPlay,Charlotte FC
8658,1323940,558136,Karol Swiderski,79,0.0234090983867645,Miss,#333333,3787557,False,96.9912265970607,48.06445645772574,SetPiece,Charlotte
8659,1323940,558136,Karol Swiderski,79,0.0234090983867645,Miss,#333333,3787557,False,96.9912265970607,48.06445645772574,SetPiece,Charlotte FC
8713,773958,750913,Luiz Araujo,4,0.0385680794715881,AttemptSaved,#751413,3787596,False,92.5,20.91643365884357,RegularPlay,Atlanta United
8726,773958,750913,Luiz Araujo,32,0.0485626459121704,AttemptSaved,#751413,3787596,False,87.10440848824823,45.8224203783,RegularPlay,Atlanta United
8730,773958,750913,Luiz Araujo,43,0.2010876238346099,AttemptSaved,#751413,3787596,False,97.6666696107786,26.4009375,RegularPlay,Atlanta United
8737,773958,750913,Luiz Araujo,56,0.0328361988067626,Miss,#751413,3787596,False,82.37233181606557,36.21125116348267,RegularPlay,Atlanta United
8738,773958,750913,Luiz Araujo,60,0.0315381586551666,Miss,#751413,3787596,False,81.80922502006557,24.839999470556435,RegularPlay,Atlanta United
8747,773958,750913,Luiz Araujo,90,0.0270028412342071,AttemptSaved,#751413,3787596,False,86.24558987287588,50.16636728672574,RegularPlay,Atlanta United
8821,1218886,510698,Sebastian Driussi,45,0.0222586095333099,AttemptSaved,#51B051,3787600,False,78.09271672953443,48.414774929225736,RegularPlay,Austin FC
8826,1218886,510698,Sebastian Driussi,59,0.0448860526084899,Miss,#51B051,3787600,False,96.3157909450393,39.208809525,RegularPlay,Austin FC
8830,1218886,510698,Sebastian Driussi,66,0.014361172914505,Miss,#51B051,3787600,False,72.9121359248,30.72125058174133,RegularPlay,Austin FC
8831,1218886,510698,Sebastian Driussi,81,0.0302266180515289,AttemptSaved,#51B051,3787600,False,88.80000305175781,22.5278980932,FromCorner,Austin FC
8833,1218886,510698,Sebastian Driussi,90,0.0309444069862365,Miss,#51B051,3787600,False,79.21893032153443,32.93249883651733,RegularPlay,Austin FC
8834,1218886,510698,Sebastian Driussi,90,0.396212100982666,Goal,#51B051,3787600,False,95.7368450487786,35.37249941825867,RegularPlay,Austin FC
8901,6603,792024,Jeremy Ebobisse,51,0.0304966568946838,AttemptSaved,#212123,3787602,False,74.15096915753443,35.44875116348267,RegularPlay,San Jose Earthquakes
8904,6603,792024,Jeremy Ebobisse,60,0.0287403464317321,Goal,#212123,3787602,False,82.71019073826886,46.38293207087426,RegularPlay,San Jose Earthquakes
8906,6603,792024,Jeremy Ebobisse,73,0.0919232368469238,Miss,#212123,3787602,False,95.9298245603,36.2875,RegularPlay,San Jose Earthquakes
8911,6603,792024,Jeremy Ebobisse,83,0.1038835048675537,AttemptSaved,#212123,3787602,False,93.4000015258789,42.697500882148745,RegularPlay,San Jose Earthquakes
9017,915807,394462,Hany Mukhtar,23,0.0226889848709106,AttemptSaved,#1E1742,3787604,False,89.80000305175781,47.5740127358,RegularPlay,Nashville SC
9025,915807,394462,Hany Mukhtar,45,0.1136666238307952,AttemptSaved,#1E1742,3787604,False,101.11207041275414,25.360312941074373,RegularPlay,Nashville SC
9032,915807,394462,Hany Mukhtar,61,0.0537878274917602,Goal,#1E1742,3787604,False,100.44827296849174,26.4009375,SetPiece,Nashville SC
9050,867280,452368,Cristian Arango,39,0.042788803577423,Miss,#000000,3787569,False,95.9298245603,23.018344487843564,RegularPlay,Los Angeles FC
9054,867280,452368,Cristian Arango,51,0.0429457128047943,AttemptSaved,#000000,3787569,False,77.19175101133112,39.545001283464885,FreeKick,Los Angeles FC
9067,867280,452368,Cristian Arango,85,0.1964383721351623,AttemptSaved,#000000,3787569,False,95.3508786640393,31.559999418258663,RegularPlay,Los Angeles FC
9069,867280,452368,Cristian Arango,87,0.1718679368495941,AttemptSaved,#000000,3787569,False,91.8000030517578,30.95,FastBreak,Los Angeles FC
9070,867280,452368,Cristian Arango,90,0.0228534638881683,AttemptSaved,#000000,3787569,False,59.41333255694489,4.657061551546197,FastBreak,Los Angeles FC
9080,867280,452368,Cristian Arango,22,0.0402303636074066,AttemptSaved,#000000,3787603,False,98.7280716475393,25.475938382148744,SetPiece,Los Angeles FC
9082,867280,452368,Cristian Arango,25,0.1187904775142669,Miss,#000000,3787603,False,97.3771929818,36.592501163482666,RegularPlay,Los Angeles FC
9084,867280,452368,Cristian Arango,28,0.096009075641632,AttemptSaved,#000000,3787603,False,93.4000015258789,43.79057217451287,RegularPlay,Los Angeles FC
9085,867280,452368,Cristian Arango,28,0.0696073174476623,Miss,#000000,3787603,False,97.2807032260393,29.71571300153511,FromCorner,Los Angeles FC
9100,867280,452368,Cristian Arango,76,0.1745693981647491,Goal,#000000,3787603,False,97.5701724933214,30.95,RegularPlay,Los Angeles FC
9103,867280,452368,Cristian Arango,81,0.3009677827358246,Miss,#000000,3787603,False,91.0999984741211,31.559999418258663,RegularPlay,Los Angeles FC
9104,1323940,558136,Karol Swiderski,87,0.0899811387062072,AttemptSaved,#333333,3787603,False,96.6052602123214,25.70718705892563,RegularPlay,Charlotte
9105,1323940,558136,Karol Swiderski,87,0.0899811387062072,AttemptSaved,#333333,3787603,False,96.6052602123214,25.70718705892563,RegularPlay,Charlotte FC
9108,1323940,558136,Karol Swiderski,90,0.0113262236118316,AttemptSaved,#333333,3787603,False,86.67500327575178,29.04333269076756,RegularPlay,Charlotte
9109,1323940,558136,Karol Swiderski,90,0.0113262236118316,AttemptSaved,#333333,3787603,False,86.67500327575178,29.04333269076756,RegularPlay,Charlotte FC
9113,867280,452368,Cristian Arango,90,0.0927217006683349,AttemptSaved,#000000,3787603,False,88.39264869687588,19.935540869556437,RegularPlay,Los Angeles FC
9154,773958,750913,Luiz Araujo,45,0.0437398850917816,Miss,#751413,3787585,False,92.0999984741211,18.60433094512821,RegularPlay,Atlanta United
9164,1323940,558136,Karol Swiderski,4,0.5456448197364807,Goal,#333333,3787586,False,101.87068676149173,39.545001283464885,RegularPlay,Charlotte
9165,1323940,558136,Karol Swiderski,4,0.5456448197364807,Goal,#333333,3787586,False,101.87068676149173,39.545001283464885,RegularPlay,Charlotte FC
9370,1218886,510698,Sebastian Driussi,12,0.0288452506065368,AttemptSaved,#51B051,3787573,False,78.76844316626887,29.631666665,RegularPlay,Austin FC
9378,1218886,510698,Sebastian Driussi,45,0.7884,Goal,#51B051,3787573,False,94.0,34.0,Penalty,Austin FC
9380,1218886,510698,Sebastian Driussi,50,0.0485196411609649,Miss,#51B051,3787573,False,87.31911928487588,44.49120911751287,FromCorner,Austin FC
9391,1218886,510698,Sebastian Driussi,73,0.1932899057865142,Miss,#51B051,3787573,False,102.81896262349171,44.49120911751287,RegularPlay,Austin FC
9393,1218886,510698,Sebastian Driussi,77,0.0394656658172607,AttemptSaved,#51B051,3787573,False,83.0480582528,45.1217834353,RegularPlay,Austin FC
9454,773958,750913,Luiz Araujo,44,0.0306023955345153,Miss,#751413,3787577,False,86.67500327575178,19.164841301343564,RegularPlay,Atlanta United
9456,773958,750913,Luiz Araujo,46,0.0314723253250122,AttemptSaved,#751413,3787577,False,82.14708394226886,27.194284431535117,RegularPlay,Atlanta United
9468,773958,750913,Luiz Araujo,69,0.1972064971923828,AttemptSaved,#751413,3787577,False,93.0999984741211,29.21142857,RegularPlay,Atlanta United
9479,867280,452368,Cristian Arango,17,0.0263907313346862,Miss,#000000,3787575,False,82.82281897133113,23.298597661412867,RegularPlay,Los Angeles FC
9481,867280,452368,Cristian Arango,35,0.0236093401908874,Miss,#000000,3787575,False,82.93543861206557,21.617070601843565,RegularPlay,Los Angeles FC
9482,6603,792024,Jeremy Ebobisse,39,0.0533136427402496,AttemptSaved,#212123,3787575,False,89.4000015258789,46.38293207087426,RegularPlay,San Jose Earthquakes
9483,867280,452368,Cristian Arango,40,0.0381723344326019,Post,#000000,3787575,False,94.9649122793,48.2746496788,RegularPlay,Los Angeles FC
9487,6603,792024,Jeremy Ebobisse,50,0.0486879348754882,AttemptSaved,#212123,3787575,False,93.9000015258789,44.21095327122573,RegularPlay,San Jose Earthquakes
9488,6603,792024,Jeremy Ebobisse,53,0.0244911313056945,Miss,#212123,3787575,False,94.9649122793,50.30649788258714,RegularPlay,San Jose Earthquakes
9495,6603,792024,Jeremy Ebobisse,76,0.103048950433731,AttemptSaved,#212123,3787575,False,98.0526286338214,37.684,FromCorner,San Jose Earthquakes
9498,6603,792024,Jeremy Ebobisse,90,0.1134819388389587,AttemptSaved,#212123,3787575,False,90.5999984741211,22.317707544843564,FastBreak,San Jose Earthquakes
9499,867280,452368,Cristian Arango,90,0.364964097738266,Miss,#000000,3787575,False,87.53382189112412,33.313748836517334,RegularPlay,Los Angeles FC
9532,1323940,558136,Karol Swiderski,50,0.043178915977478,Miss,#333333,3787578,False,87.64117319424822,52.19821549051287,FreeKick,Charlotte
9533,1323940,558136,Karol Swiderski,50,0.043178915977478,Miss,#333333,3787578,False,87.64117319424822,52.19821549051287,FreeKick,Charlotte FC
9543,1323940,558136,Karol Swiderski,80,0.0277442634105682,AttemptSaved,#333333,3787578,False,82.4849514568,46.94343841801287,RegularPlay,Charlotte
9544,1323940,558136,Karol Swiderski,80,0.0277442634105682,AttemptSaved,#333333,3787578,False,82.4849514568,46.94343841801287,RegularPlay,Charlotte FC
9549,915807,394462,Hany Mukhtar,5,0.0981696546077728,Goal,#1E1742,3787580,False,101.87068676149173,20.7763057357,RegularPlay,Nashville SC
9559,915807,394462,Hany Mukhtar,33,0.1166748404502868,Goal,#1E1742,3787580,False,82.4849514568,33.61875,FreeKick,Nashville SC
9564,915807,394462,Hany Mukhtar,61,0.3439093232154846,Post,#1E1742,3787580,False,98.24561550703928,34.83874883651734,RegularPlay,Nashville SC
9565,915807,394462,Hany Mukhtar,71,0.1917707920074463,AttemptSaved,#1E1742,3787580,False,98.0526286338214,22.1775796217,RegularPlay,Nashville SC
9568,915807,394462,Hany Mukhtar,81,0.1339131891727447,AttemptSaved,#1E1742,3787580,False,86.56764378224823,35.83000116348267,FastBreak,Nashville SC
9602,1218886,510698,Sebastian Driussi,3,0.0271805822849273,Miss,#51B051,3787581,False,83.27329753426886,50.30649788258714,RegularPlay,Austin FC
9611,867280,452368,Cristian Arango,50,0.0576509535312652,Miss,#000000,3787581,False,96.9912265970607,29.127382233464893,FromCorner,Los Angeles FC
9616,1218886,510698,Sebastian Driussi,59,0.0892746746540069,Goal,#51B051,3787581,False,98.8245614033,47.2236942643,RegularPlay,Austin FC
9618,867280,452368,Cristian Arango,61,0.089893639087677,Goal,#000000,3787581,False,101.87068676149173,41.05785778423244,RegularPlay,Los Angeles FC
9619,867280,452368,Cristian Arango,63,0.0306271612644195,Miss,#000000,3787581,False,94.5789458945607,18.25401247362821,RegularPlay,Los Angeles FC
9620,867280,452368,Cristian Arango,71,0.4007305204868316,Post,#000000,3787581,False,97.5701724933214,30.280000091552733,FastBreak,Los Angeles FC
9621,867280,452368,Cristian Arango,74,0.0409512817859649,AttemptSaved,#000000,3787581,False,84.28689148553444,23.368662959343567,RegularPlay,Los Angeles FC
9622,1218886,510698,Sebastian Driussi,78,0.0052827298641204,AttemptSaved,#51B051,3787581,False,92.4000015258789,24.839999470556435,SetPiece,Austin FC
9673,1323940,558136,Karol Swiderski,8,0.0458880364894866,AttemptSaved,#333333,3787728,False,92.3000030517578,25.99624955892563,RegularPlay,Charlotte
9674,1323940,558136,Karol Swiderski,8,0.0458880364894866,AttemptSaved,#333333,3787728,False,92.3000030517578,25.99624955892563,RegularPlay,Charlotte FC
9691,1323940,558136,Karol Swiderski,35,0.0608752369880676,AttemptSaved,#333333,3787728,False,86.78235457887588,30.26799981689453,RegularPlay,Charlotte
9692,1323940,558136,Karol Swiderski,35,0.0608752369880676,AttemptSaved,#333333,3787728,False,86.78235457887588,30.26799981689453,RegularPlay,Charlotte FC
9693,1323940,558136,Karol Swiderski,39,0.0213013887405395,Miss,#333333,3787728,False,86.9970571851241,33.77125058174133,SetPiece,Charlotte
9694,1323940,558136,Karol Swiderski,39,0.0213013887405395,Miss,#333333,3787728,False,86.9970571851241,33.77125058174133,SetPiece,Charlotte FC
9695,1323940,558136,Karol Swiderski,41,0.0908081829547882,Miss,#333333,3787728,False,86.56764378224823,35.525000000000006,RegularPlay,Charlotte
9696,1323940,558136,Karol Swiderski,41,0.0908081829547882,Miss,#333333,3787728,False,86.56764378224823,35.525000000000006,RegularPlay,Charlotte FC
9833,6603,792024,Jeremy Ebobisse,5,0.5001651644706726,Miss,#212123,3787607,False,93.8000030517578,25.360312941074373,FastBreak,San Jose Earthquakes
9858,6603,792024,Jeremy Ebobisse,71,0.0258794128894805,AttemptSaved,#212123,3787607,False,93.0999984741211,48.13452442837426,RegularPlay,San Jose Earthquakes
9861,6603,792024,Jeremy Ebobisse,82,0.0289047062397003,Miss,#212123,3787607,False,81.24611822406555,16.29222956777178,FreeKick,San Jose Earthquakes
9866,915807,394462,Hany Mukhtar,22,0.1362321078777313,AttemptSaved,#1E1742,3787726,False,100.82758476024588,26.94214221576756,IndividualPlay,Nashville SC
9877,915807,394462,Hany Mukhtar,59,0.0267111361026763,AttemptSaved,#1E1742,3787726,False,91.1999969482422,40.38547747346489,RegularPlay,Nashville SC
9885,773958,750913,Luiz Araujo,7,0.0387850105762481,AttemptSaved,#751413,3787609,False,86.889705882,29.54762032846489,RegularPlay,Atlanta United
9889,773958,750913,Luiz Araujo,28,0.1116604804992675,AttemptSaved,#751413,3787609,False,96.8947368413,26.858095879232447,RegularPlay,Atlanta United
9893,773958,750913,Luiz Araujo,35,0.1144334375858306,AttemptSaved,#751413,3787609,False,97.0877163528214,36.058750581741336,RegularPlay,Atlanta United
9897,773958,750913,Luiz Araujo,44,0.0553033947944641,AttemptSaved,#751413,3787609,False,90.0999984741211,32.16999883651733,FromCorner,Atlanta United
9902,773958,750913,Luiz Araujo,52,0.0257768034934997,AttemptSaved,#751413,3787609,False,81.58397714626886,46.45299469608713,RegularPlay,Atlanta United
9906,773958,750913,Luiz Araujo,59,0.0785034894943237,Miss,#751413,3787609,False,90.3000030517578,38.03214157653511,RegularPlay,Atlanta United
9909,773958,750913,Luiz Araujo,69,0.0285472571849823,AttemptSaved,#751413,3787609,False,79.1063106808,46.45299469608713,FreeKick,Atlanta United
10102,773958,750913,Luiz Araujo,3,0.0021716952323913,AttemptSaved,#751413,3787638,False,83.0480582528,26.16968661785126,RegularPlay,Atlanta United
10109,773958,750913,Luiz Araujo,24,0.0954322516918182,AttemptSaved,#751413,3787638,False,89.5,40.049285715,RegularPlay,Atlanta United
10117,773958,750913,Luiz Araujo,40,0.0133029520511627,AttemptSaved,#751413,3787638,False,75.1645631088,33.46624941825866,RegularPlay,Atlanta United
10119,773958,750913,Luiz Araujo,45,0.020184189081192,AttemptSaved,#751413,3787638,False,78.99369104006556,29.96785842346489,RegularPlay,Atlanta United
10121,773958,750913,Luiz Araujo,48,0.0218294560909271,Miss,#751413,3787638,False,86.46029247912412,59.01384085902171,RegularPlay,Atlanta United
10170,915807,394462,Hany Mukhtar,29,0.7884,Goal,#1E1742,3787636,False,94.0,34.0,Penalty,Nashville SC
10176,915807,394462,Hany Mukhtar,50,0.0704002678394317,AttemptSaved,#1E1742,3787636,False,92.0999984741211,42.986563382148745,RegularPlay,Nashville SC
10178,915807,394462,Hany Mukhtar,54,0.1607435047626495,Goal,#1E1742,3787636,False,91.0999984741211,22.73808864155643,RegularPlay,Nashville SC
10184,915807,394462,Hany Mukhtar,68,0.0391196310520172,AttemptSaved,#1E1742,3787636,False,91.0999984741211,41.65687411785126,FastBreak,Nashville SC
10186,915807,394462,Hany Mukhtar,72,0.0284911096096038,AttemptSaved,#1E1742,3787636,False,83.49854540806557,47.43388748537426,RegularPlay,Nashville SC
10188,915807,394462,Hany Mukhtar,75,0.0970353782176971,Goal,#1E1742,3787636,False,99.97413503749172,41.541250882148745,FastBreak,Nashville SC
10189,915807,394462,Hany Mukhtar,79,0.0295058190822601,AttemptSaved,#1E1742,3787636,False,80.45776355426887,51.707771768587136,FreeKick,Nashville SC
10243,1218886,510698,Sebastian Driussi,12,0.0251832604408264,AttemptSaved,#51B051,3787635,False,95.3508786640393,31.255001163482664,RegularPlay,Austin FC
10253,1218886,510698,Sebastian Driussi,35,0.0171040296554565,Miss,#51B051,3787635,False,79.78203711753443,17.833630040556432,RegularPlay,Austin FC
10257,1218886,510698,Sebastian Driussi,41,0.3234869837760925,Miss,#51B051,3787635,False,99.59483048050826,32.474999999999994,RegularPlay,Austin FC
10261,1218886,510698,Sebastian Driussi,57,0.2573623657226562,Post,#51B051,3787635,False,101.58620834375414,34.53375058174134,FromCorner,Austin FC
10268,1218886,510698,Sebastian Driussi,79,0.0832071602344513,Goal,#51B051,3787635,False,93.5,31.86500058174133,RegularPlay,Austin FC
10271,1218886,510698,Sebastian Driussi,84,0.1029081046581268,AttemptSaved,#51B051,3787635,False,93.4000015258789,35.677500581741334,RegularPlay,Austin FC
10273,1218886,510698,Sebastian Driussi,88,0.0278564989566802,Miss,#51B051,3787635,False,93.5,38.20023745576755,RegularPlay,Austin FC
10274,1218886,510698,Sebastian Driussi,90,0.0969940721988678,Miss,#51B051,3787635,False,97.8596491223,22.317707544843564,RegularPlay,Austin FC
10280,867280,452368,Cristian Arango,19,0.1186059415340423,Goal,#000000,3787637,False,97.47368273756072,37.27874941825867,RegularPlay,Los Angeles FC
10284,867280,452368,Cristian Arango,31,0.4550677835941314,Miss,#000000,3787637,False,95.7368450487786,30.95,RegularPlay,Los Angeles FC
10285,867280,452368,Cristian Arango,33,0.2189021408557891,Miss,#000000,3787637,False,97.47368273756072,31.48375058174133,RegularPlay,Los Angeles FC
10289,867280,452368,Cristian Arango,51,0.0695213377475738,AttemptSaved,#000000,3787637,False,86.889705882,29.127382233464893,RegularPlay,Los Angeles FC
10295,867280,452368,Cristian Arango,66,0.0493427217006683,AttemptSaved,#000000,3787637,False,95.83333480453928,30.492501163482665,RegularPlay,Los Angeles FC
10378,1323940,558136,Karol Swiderski,75,0.0296583473682403,Miss,#333333,3787645,False,96.7017573297786,33.61875,FromCorner,Charlotte
10379,1323940,558136,Karol Swiderski,75,0.0296583473682403,Miss,#333333,3787645,False,96.7017573297786,33.61875,FromCorner,Charlotte FC
10420,1218886,510698,Sebastian Driussi,4,0.0367176532745361,AttemptSaved,#51B051,3787652,False,81.35873786479999,34.99124941825867,RegularPlay,Austin FC
10425,1218886,510698,Sebastian Driussi,34,0.0275248289108276,Miss,#51B051,3787652,False,88.69999694824219,45.1217834353,FromCorner,Austin FC
10428,915807,394462,Hany Mukhtar,47,0.0540366768836975,AttemptSaved,#1E1742,3787652,False,90.4000015258789,25.01343661785126,RegularPlay,Nashville SC
10440,915807,394462,Hany Mukhtar,77,0.0538035333156585,AttemptSaved,#1E1742,3787652,False,86.67500327575178,48.2746496788,FreeKick,Nashville SC
10441,915807,394462,Hany Mukhtar,82,0.168533056974411,Goal,#1E1742,3787652,False,94.4824561388,22.8782165647,RegularPlay,Nashville SC
10442,1218886,510698,Sebastian Driussi,85,0.2012747228145599,AttemptSaved,#51B051,3787652,False,97.8596491223,36.89749941825867,SetPiece,Austin FC
10443,915807,394462,Hany Mukhtar,90,0.5377141833305359,Goal,#1E1742,3787652,False,97.1842134702786,37.67200018310547,FastBreak,Nashville SC
10525,773958,750913,Luiz Araujo,31,0.1666940450668335,AttemptSaved,#751413,3787651,False,93.3000030517578,25.8228125,FastBreak,Atlanta United
10529,773958,750913,Luiz Araujo,39,0.031749278306961,Miss,#751413,3787651,False,85.49411437024823,19.09477733977178,RegularPlay,Atlanta United
10621,867280,452368,Cristian Arango,67,0.0871689319610595,AttemptSaved,#000000,3787646,False,90.8000030517578,43.3701910778,RegularPlay,Los Angeles FC
10623,867280,452368,Cristian Arango,68,0.5945398211479187,Goal,#000000,3787646,False,96.1228040718214,33.46624941825866,RegularPlay,Los Angeles FC
10669,1323940,558136,Karol Swiderski,48,0.0369424521923065,AttemptSaved,#333333,3787618,False,77.9800970888,38.78857143,FreeKick,Charlotte
10670,1323940,558136,Karol Swiderski,48,0.0369424521923065,AttemptSaved,#333333,3787618,False,77.9800970888,38.78857143,FreeKick,Charlotte FC
10681,6603,792024,Jeremy Ebobisse,4,0.128596156835556,Goal,#212123,3787732,False,90.4000015258789,30.95,RegularPlay,San Jose Earthquakes
10696,6603,792024,Jeremy Ebobisse,60,0.0640338361263275,AttemptSaved,#212123,3787732,False,96.8947368413,33.16125116348266,RegularPlay,San Jose Earthquakes
10726,915807,394462,Hany Mukhtar,24,0.1113286614418029,AttemptSaved,#1E1742,3787619,False,85.60147386375178,29.21142857,FreeKick,Nashville SC
10727,915807,394462,Hany Mukhtar,29,0.7884,Goal,#1E1742,3787619,False,94.0,34.0,Penalty,Nashville SC
10730,915807,394462,Hany Mukhtar,35,0.1077735424041748,AttemptSaved,#1E1742,3787619,False,95.4473684198,41.48343705892563,RegularPlay,Nashville SC
10738,915807,394462,Hany Mukhtar,59,0.0727111995220184,Miss,#1E1742,3787619,False,98.1491257512786,29.04333269076756,RegularPlay,Nashville SC
10747,915807,394462,Hany Mukhtar,82,0.019529104232788,AttemptSaved,#1E1742,3787619,False,86.24558987287588,44.0708280208,RegularPlay,Nashville SC
10753,773958,750913,Luiz Araujo,2,0.0333993434906005,AttemptSaved,#751413,3787719,False,82.37233181606557,51.4275159223,RegularPlay,Atlanta United
10756,773958,750913,Luiz Araujo,12,0.7884,AttemptSaved,#751413,3787719,False,94.0,34.0,Penalty,Atlanta United
10760,773958,750913,Luiz Araujo,21,0.0603097975254058,AttemptSaved,#751413,3787719,False,93.4000015258789,18.88458545505643,FromCorner,Atlanta United
10761,773958,750913,Luiz Araujo,25,0.1839476823806762,AttemptSaved,#751413,3787719,False,94.9649122793,31.10250058174133,RegularPlay,Atlanta United
10762,773958,750913,Luiz Araujo,25,0.0926189124584198,AttemptSaved,#751413,3787719,False,94.2894766272786,32.01750116348266,RegularPlay,Atlanta United
10763,773958,750913,Luiz Araujo,33,0.0853854715824127,AttemptSaved,#751413,3787719,False,92.0,50.86700422972574,RegularPlay,Atlanta United
10775,773958,750913,Luiz Araujo,64,0.0338158905506134,Miss,#751413,3787719,False,84.06165220406557,50.58675372887426,RegularPlay,Atlanta United
10800,6603,792024,Jeremy Ebobisse,38,0.0876930058002471,Miss,#212123,3787617,False,101.206896552,45.54216453201287,RegularPlay,San Jose Earthquakes
10880,867280,452368,Cristian Arango,3,0.0235537588596344,AttemptSaved,#000000,3787613,False,75.61505026406556,43.23006315465644,FreeKick,Los Angeles FC
10892,867280,452368,Cristian Arango,45,0.4328475892543793,Goal,#000000,3787613,False,86.9970571851241,35.83000116348267,RegularPlay,Los Angeles FC
11128,867280,452368,Cristian Arango,16,0.0441530644893646,AttemptSaved,#000000,3787621,False,81.24611822406555,43.23006315465644,FastBreak,Los Angeles FC
11136,867280,452368,Cristian Arango,43,0.3317442536354065,Miss,#000000,3787621,False,98.0526286338214,34.22874941825867,RegularPlay,Los Angeles FC
11150,6603,792024,Jeremy Ebobisse,3,0.1528731882572174,Miss,#212123,3787627,False,92.0,33.61875,RegularPlay,San Jose Earthquakes
11156,6603,792024,Jeremy Ebobisse,34,0.0416743457317352,Miss,#212123,3787627,False,79.44417819533112,33.61875,RegularPlay,San Jose Earthquakes
11161,6603,792024,Jeremy Ebobisse,41,0.0594563782215118,AttemptSaved,#212123,3787627,False,93.5,28.791190475,RegularPlay,San Jose Earthquakes
11173,6603,792024,Jeremy Ebobisse,85,0.2344943583011627,Miss,#212123,3787627,False,93.8000030517578,35.601248836517335,RegularPlay,San Jose Earthquakes
11174,6603,792024,Jeremy Ebobisse,88,0.0599299073219299,AttemptSaved,#212123,3787627,False,97.5701724933214,22.8782165647,RegularPlay,San Jose Earthquakes
11188,773958,750913,Luiz Araujo,61,0.016985684633255,Miss,#751413,3787624,False,79.44417819533112,15.661656586343565,RegularPlay,Atlanta United
11228,773958,750913,Luiz Araujo,36,0.9008288383483888,AttemptSaved,#751413,3787628,False,96.4122807008,21.75719852498713,RegularPlay,Atlanta United
11236,773958,750913,Luiz Araujo,64,0.0406280159950256,Miss,#751413,3787628,False,85.81617647,33.313748836517334,RegularPlay,Atlanta United
11239,773958,750913,Luiz Araujo,71,0.033793419599533,AttemptSaved,#751413,3787628,False,78.43058424406556,18.464204358343565,RegularPlay,Atlanta United
11328,1323940,558136,Karol Swiderski,5,0.655588686466217,AttemptSaved,#333333,3787623,False,99.2105277880393,34.22874941825867,RegularPlay,Charlotte
11329,1323940,558136,Karol Swiderski,5,0.655588686466217,AttemptSaved,#333333,3787623,False,99.2105277880393,34.22874941825867,RegularPlay,Charlotte FC
11347,1323940,558136,Karol Swiderski,68,0.2367317974567413,Goal,#333333,3787623,False,100.16379455075412,34.30500116348267,FromCorner,Charlotte
11348,1323940,558136,Karol Swiderski,68,0.2367317974567413,Goal,#333333,3787623,False,100.16379455075412,34.30500116348267,FromCorner,Charlotte FC
11360,1323940,558136,Karol Swiderski,90,0.1393892168998718,AttemptSaved,#333333,3787623,False,96.1228040718214,35.219998836517334,SetPiece,Charlotte
11361,1323940,558136,Karol Swiderski,90,0.1393892168998718,AttemptSaved,#333333,3787623,False,96.1228040718214,35.219998836517334,SetPiece,Charlotte FC
11362,1323940,558136,Karol Swiderski,90,0.1177071332931518,Goal,#333333,3787623,False,96.4122807008,37.431250000000006,SetPiece,Charlotte
11363,1323940,558136,Karol Swiderski,90,0.1177071332931518,Goal,#333333,3787623,False,96.4122807008,37.431250000000006,SetPiece,Charlotte FC
11393,915807,394462,Hany Mukhtar,27,0.0249370634555816,AttemptSaved,#1E1742,3787684,False,78.65582352553443,42.29281294107437,RegularPlay,Nashville SC
11395,915807,394462,Hany Mukhtar,38,0.1600772738456726,AttemptSaved,#1E1742,3787684,False,90.8000030517578,44.91159021422574,FastBreak,Nashville SC
11398,915807,394462,Hany Mukhtar,50,0.0289323031902313,Miss,#1E1742,3787684,False,74.37621703133112,34.0,FreeKick,Nashville SC
11403,915807,394462,Hany Mukhtar,56,0.7884,Goal,#1E1742,3787684,False,94.0,34.0,Penalty,Nashville SC
11406,1218886,510698,Sebastian Driussi,61,0.304288238286972,Goal,#51B051,3787684,False,102.43965806650829,30.231999908447264,FromCorner,Austin FC
11417,1218886,510698,Sebastian Driussi,5,0.0675463080406189,Miss,#51B051,3787630,False,88.69999694824219,37.05,RegularPlay,Austin FC
11430,1218886,510698,Sebastian Driussi,48,0.1114915311336517,AttemptSaved,#51B051,3787630,False,91.0999984741211,36.13499941825867,RegularPlay,Austin FC
11431,1218886,510698,Sebastian Driussi,48,0.0694968104362487,AttemptSaved,#51B051,3787630,False,91.5,35.90625,RegularPlay,Austin FC
11444,1218886,510698,Sebastian Driussi,82,0.2099519073963165,Miss,#51B051,3787630,False,92.0,40.049285715,RegularPlay,Austin FC
11474,6603,792024,Jeremy Ebobisse,13,0.0845383405685424,Miss,#212123,3787625,False,94.2894766272786,26.343125882148744,RegularPlay,San Jose Earthquakes
11478,6603,792024,Jeremy Ebobisse,24,0.7884,Goal,#212123,3787625,False,94.0,34.0,Penalty,San Jose Earthquakes
11479,6603,792024,Jeremy Ebobisse,35,0.0888448059558868,Miss,#212123,3787625,False,87.31911928487588,30.797499418258663,FreeKick,San Jose Earthquakes
11483,6603,792024,Jeremy Ebobisse,49,0.0695481300354003,AttemptSaved,#212123,3787625,False,87.64117319424822,35.525000000000006,RegularPlay,San Jose Earthquakes
11492,6603,792024,Jeremy Ebobisse,75,0.052712857723236,Miss,#212123,3787625,False,92.0999984741211,33.92375116348266,RegularPlay,San Jose Earthquakes
11565,867280,452368,Cristian Arango,38,0.076918214559555,AttemptSaved,#000000,3787679,False,98.5350847743214,27.36238031076756,FromCorner,Los Angeles FC
11660,773958,750913,Luiz Araujo,18,0.0502688586711883,Miss,#751413,3787677,False,91.3000030517578,39.545001283464885,FromCorner,Atlanta United
11671,773958,750913,Luiz Araujo,50,0.0184711217880249,AttemptSaved,#751413,3787677,False,80.11990463206556,49.255542468087135,RegularPlay,Atlanta United
11697,6603,792024,Jeremy Ebobisse,51,0.2899297773838043,AttemptSaved,#212123,3787415,False,100.63793248175412,36.592501163482666,RegularPlay,San Jose Earthquakes
11706,6603,792024,Jeremy Ebobisse,78,0.1140397489070892,Miss,#212123,3787415,False,97.6666696107786,33.92375116348266,RegularPlay,San Jose Earthquakes
11708,6603,792024,Jeremy Ebobisse,82,0.0451322495937347,Miss,#212123,3787415,False,83.83640433026888,43.86063479972574,RegularPlay,San Jose Earthquakes
11838,6603,792024,Jeremy Ebobisse,26,0.0926358699798584,AttemptSaved,#212123,3787678,False,91.6999969482422,32.474999999999994,RegularPlay,San Jose Earthquakes
11846,6603,792024,Jeremy Ebobisse,45,0.037174105644226,Miss,#212123,3787678,False,83.72378468953444,19.865478244343564,RegularPlay,San Jose Earthquakes
11861,6603,792024,Jeremy Ebobisse,81,0.3107015490531921,Miss,#212123,3787678,False,100.54310634250828,29.463570785767555,RegularPlay,San Jose Earthquakes
11878,1218886,510698,Sebastian Driussi,45,0.0193214416503906,AttemptSaved,#51B051,3787714,False,87.53382189112412,57.96435818197829,RegularPlay,Austin FC
11879,1218886,510698,Sebastian Driussi,45,0.1740786135196685,AttemptSaved,#51B051,3787714,False,98.3421052628,40.80571556846489,RegularPlay,Austin FC
11883,1218886,510698,Sebastian Driussi,61,0.1797437071800232,Miss,#51B051,3787714,False,96.3157909450393,37.744,RegularPlay,Austin FC
11886,1218886,510698,Sebastian Driussi,75,0.0356572270393371,Miss,#51B051,3787714,False,80.34514391353443,32.62750058174133,RegularPlay,Austin FC
11887,1218886,510698,Sebastian Driussi,83,0.0822043418884277,AttemptSaved,#51B051,3787714,False,95.1578917908214,33.77125058174133,RegularPlay,Austin FC
11932,867280,452368,Cristian Arango,71,0.0583890974521636,AttemptSaved,#000000,3787690,False,99.87930889824588,20.91643365884357,RegularPlay,Los Angeles FC
11964,915807,394462,Hany Mukhtar,22,0.0507692098617553,Miss,#1E1742,3787688,False,97.2807032260393,27.27833397423245,RegularPlay,Nashville SC
11980,915807,394462,Hany Mukhtar,65,0.1670317947864532,AttemptSaved,#1E1742,3787688,False,90.0999984741211,29.799762544232447,RegularPlay,Nashville SC
11982,915807,394462,Hany Mukhtar,66,0.0496579110622406,AttemptSaved,#1E1742,3787688,False,91.9000015258789,27.78261840576756,RegularPlay,Nashville SC
12021,773958,750913,Luiz Araujo,23,0.037950724363327,AttemptSaved,#751413,3787687,False,84.7373786408,30.34000058174133,RegularPlay,Atlanta United
12022,773958,750913,Luiz Araujo,24,0.0265113711357116,Miss,#751413,3787687,False,76.96650313753443,31.026248836517333,RegularPlay,Atlanta United
12028,773958,750913,Luiz Araujo,47,0.0185504257678985,AttemptSaved,#751413,3787687,False,80.68301142806556,21.75719852498713,RegularPlay,Atlanta United
12042,773958,750913,Luiz Araujo,90,0.033004343509674,Miss,#751413,3787687,False,80.00728499133112,32.62750058174133,RegularPlay,Atlanta United
12072,1323940,558136,Karol Swiderski,86,0.1481732428073883,AttemptSaved,#333333,3787539,False,91.0,33.08499941825866,RegularPlay,Charlotte
12073,1323940,558136,Karol Swiderski,86,0.1481732428073883,AttemptSaved,#333333,3787539,False,91.0,33.08499941825866,RegularPlay,Charlotte FC
12088,1323940,558136,Karol Swiderski,90,0.1902301013469696,Miss,#333333,3787539,False,99.3070175438,32.16999883651733,SetPiece,Charlotte
12089,1323940,558136,Karol Swiderski,90,0.1902301013469696,Miss,#333333,3787539,False,99.3070175438,32.16999883651733,SetPiece,Charlotte FC
12247,1323940,558136,Karol Swiderski,27,0.1235586702823638,AttemptSaved,#333333,3787674,False,90.3000030517578,36.592501163482666,RegularPlay,Charlotte
12248,1323940,558136,Karol Swiderski,27,0.1235586702823638,AttemptSaved,#333333,3787674,False,90.3000030517578,36.592501163482666,RegularPlay,Charlotte FC
12257,1323940,558136,Karol Swiderski,53,0.1369977593421936,AttemptSaved,#333333,3787674,False,91.5,35.90625,RegularPlay,Charlotte
12258,1323940,558136,Karol Swiderski,53,0.1369977593421936,AttemptSaved,#333333,3787674,False,91.5,35.90625,RegularPlay,Charlotte FC
12302,1218886,510698,Sebastian Driussi,44,0.0985843539237976,Miss,#51B051,3787658,False,91.6999969482422,41.541250882148745,RegularPlay,Austin FC
12315,1218886,510698,Sebastian Driussi,81,0.7884,Goal,#51B051,3787658,False,94.0,34.0,Penalty,Austin FC
12401,867280,452368,Cristian Arango,6,0.2301181256771087,Miss,#000000,3787661,False,94.2894766272786,42.52406161785126,RegularPlay,Los Angeles FC
12402,915807,394462,Hany Mukhtar,8,0.0678451657295227,AttemptSaved,#1E1742,3787661,False,81.80922502006557,42.119375882148745,FreeKick,Nashville SC
12406,867280,452368,Cristian Arango,20,0.0425878763198852,AttemptSaved,#000000,3787661,False,77.52960993353443,36.2875,RegularPlay,Los Angeles FC
12411,867280,452368,Cristian Arango,30,0.0399600267410278,Miss,#000000,3787661,False,82.4849514568,26.516562941074373,RegularPlay,Los Angeles FC
12417,867280,452368,Cristian Arango,41,0.1484793126583099,AttemptSaved,#000000,3787661,False,91.5,36.44000058174134,FastBreak,Los Angeles FC
12419,867280,452368,Cristian Arango,45,0.7884,AttemptSaved,#000000,3787661,False,94.0,34.0,Penalty,Los Angeles FC
12421,867280,452368,Cristian Arango,47,0.2021877765655517,Miss,#000000,3787661,False,90.3000030517578,27.698572069232448,RegularPlay,Los Angeles FC
12422,867280,452368,Cristian Arango,48,0.3510652184486389,AttemptSaved,#000000,3787661,False,99.3070175438,30.95,RegularPlay,Los Angeles FC
12425,915807,394462,Hany Mukhtar,52,0.1843027472496032,AttemptSaved,#1E1742,3787661,False,91.5,37.65999941825866,RegularPlay,Nashville SC
12429,915807,394462,Hany Mukhtar,56,0.2659069299697876,AttemptSaved,#1E1742,3787661,False,98.6315818917786,36.44000058174134,RegularPlay,Nashville SC
12448,915807,394462,Hany Mukhtar,46,0.1709011793136596,AttemptSaved,#1E1742,4044408,False,97.0877163528214,18.88458545505643,RegularPlay,Nashville SC
12497,1218886,510698,Sebastian Driussi,31,0.2431592047214508,Goal,#51B051,4044409,False,98.3421052628,35.98249883651734,RegularPlay,Austin FC
12498,1218886,510698,Sebastian Driussi,35,0.0303210914134979,AttemptSaved,#51B051,4044409,False,81.02087035026886,39.545001283464885,RegularPlay,Austin FC
12509,1218886,510698,Sebastian Driussi,63,0.0166530013084411,AttemptSaved,#51B051,4044409,False,73.70048200226887,32.322499418258666,RegularPlay,Austin FC
12514,1218886,510698,Sebastian Driussi,76,0.0358749330043792,AttemptSaved,#51B051,4044409,False,85.49411437024823,40.46952381,RegularPlay,Austin FC
12517,1218886,510698,Sebastian Driussi,87,0.0369995236396789,Miss,#51B051,4044409,False,93.3000030517578,36.97375116348267,RegularPlay,Austin FC
12519,1218886,510698,Sebastian Driussi,90,0.7884,Goal,#51B051,4044409,False,94.0,34.0,Penalty,Austin FC
12521,1218886,510698,Sebastian Driussi,91,0.1264854669570922,AttemptSaved,#51B051,4044409,False,96.0263143160607,30.492501163482665,RegularPlay,Austin FC
12522,1218886,510698,Sebastian Driussi,93,0.0716930031776428,Miss,#51B051,4044409,False,85.81617647,31.10250058174133,RegularPlay,Austin FC
12527,1218886,510698,Sebastian Driussi,104,0.0573207736015319,AttemptSaved,#51B051,4044409,False,93.0999984741211,31.86500058174133,RegularPlay,Austin FC
12531,1218886,510698,Sebastian Driussi,109,0.2503837049007416,Post,#51B051,4044409,False,100.92241089949172,36.36374883651734,FromCorner,Austin FC
12533,1218886,510698,Sebastian Driussi,120,0.1773864328861236,AttemptSaved,#51B051,4044409,False,99.1140380322786,36.97375116348267,FromCorner,Austin FC
12534,1218886,510698,Sebastian Driussi,120,0.0402770340442657,Miss,#51B051,4044409,False,93.5999984741211,33.61875,RegularPlay,Austin FC
12536,1218886,510698,Sebastian Driussi,121,0.7884,Goal,#51B051,4044409,False,94.0,34.0,Penalty,Austin FC
12544,6603,792024,Jeremy Ebobisse,4,0.5383414626121521,Goal,#212123,3787663,False,95.4473684198,32.62750058174133,FastBreak,San Jose Earthquakes
